filename,width,height,class,xmin,ymin,xmax,ymax
Thalassia-10-_jpg.rf.fd623f2084caa32f834b3b0d80792a4b.jpg,640,480,Thalassia Hemprichii,193,138,378,437
SIMODO-SORE-78-_jpg.rf.5ed88792440395cc312d1bcfbe5e08f2.jpg,640,480,Cymodocea Rotundata,100,80,521,378
Thalassia-1-_jpg.rf.43f3f74c6e08d2747c05e10b56fa356f.jpg,640,480,Thalassia Hemprichii,134,222,541,363
Thalassia-14-_jpg.rf.74a354c7cb48a624addd4cf3e48f066a.jpg,640,480,Thalassia Hemprichii,224,161,552,376
Simodo-Sore-136-_jpg.rf.09193ab7c5b7d4f4f9885e90f3baf980.jpg,640,480,Cymodocea Rotundata,191,87,472,415
Thalassia-28-_jpg.rf.bef555e680306e893c37e567b7400f18.jpg,640,480,Thalassia Hemprichii,221,124,441,409
Thalassia-239-_jpg.rf.4fe0cbad0e173feb4910ab295be7a9ad.jpg,640,480,Thalassia Hemprichii,250,167,450,460
SIMODO-SORE-89-_jpg.rf.c39fde43afa8f19ea8f5baab94ac8f83.jpg,640,480,Cymodocea Rotundata,208,88,470,404
Simodo-Sore-121-_jpg.rf.7d1c7c5bb7fdd00c89f8ae3ecdba00cf.jpg,640,480,Cymodocea Rotundata,41,168,541,278
Thalassia-103-_jpg.rf.1873799e60ac83b7fb6fefd9f3770412.jpg,640,480,Thalassia Hemprichii,183,94,455,360
Simodo-Sore-281-_jpg.rf.81aae2cc9010c7d505a173756025870d.jpg,640,480,Cymodocea Rotundata,117,142,534,387
Enhalus-Acoraides-201_jpg.rf.cff722371996b6693a51bb7ef901c3e7.jpg,640,480,Enhalus Acoraides,204,106,453,468
Thalassia-334-_jpg.rf.a58ef16087030ca3e41cd074b777ee4c.jpg,640,480,Thalassia Hemprichii,250,119,497,372
Simodo-Sore-207-_jpg.rf.24d0daed87bb7c3d3dcb2f82b803d26e.jpg,640,480,Cymodocea Rotundata,187,116,590,364
SIMODO-SORE-87-_jpg.rf.b0ca29553d1fa8b5c2c50fef505dd8f2.jpg,640,480,Cymodocea Rotundata,193,90,416,397
Simodo-Sore-157-_jpg.rf.9dcf62b6012facbc4c7977a5127ffa7f.jpg,640,480,Cymodocea Rotundata,172,119,517,406
Thalassia-24-_jpg.rf.b71cab304b7c301cf23b24590a5950e7.jpg,640,480,Thalassia Hemprichii,174,161,539,368
Thalassia-317-_jpg.rf.43f18dd1c9aeed235e2784dff98f1f8f.jpg,640,480,Thalassia Hemprichii,140,149,509,306
Simodo-Sore-158-_jpg.rf.25ffa23840ab81bc2ab0cc3969355674.jpg,640,480,Cymodocea Rotundata,181,130,457,405
Thalassia-318-_jpg.rf.29cedd7a9d4a432f5e6384340610dbf6.jpg,640,480,Thalassia Hemprichii,140,156,538,303
Thalassia-333-_jpg.rf.c56fe8c70ed4b1c26a5fc128d2b553cf.jpg,640,480,Thalassia Hemprichii,252,105,467,379
Thalassia-94-_jpg.rf.5c56a68657b8fde12f52056f870ecfab.jpg,640,480,Thalassia Hemprichii,200,166,435,386
Enhalus-Acoraides-1_jpg.rf.03995698330d818b64e52ce37a749c24.jpg,640,480,Enhalus Acoraides,24,115,612,352
Simodo-Sore-100-_jpg.rf.e19442aee6984542b2abe21beab543a9.jpg,640,480,Cymodocea Rotundata,115,206,604,310
Thalassia-279-_jpg.rf.7056667a939516417fcd746890461828.jpg,640,480,Thalassia Hemprichii,316,157,465,417
Simodo-Sore-177-_jpg.rf.4f3548ae08eaedff106aaca488c1ca2e.jpg,640,480,Cymodocea Rotundata,202,106,458,386
Thalassia-314-_jpg.rf.6f3a17082e32d5e6f3225e827fc5ab0b.jpg,640,480,Thalassia Hemprichii,140,140,426,334
Simodo-Sore-122-_jpg.rf.d45360f8cd6e4b860fa1ffa22fa720d8.jpg,640,480,Cymodocea Rotundata,55,190,531,279
Thalassia-105-_jpg.rf.dc714ec4b7417d20fc28645a7af2de74.jpg,640,480,Thalassia Hemprichii,185,105,473,331
Thalassia-378-_jpg.rf.5242cd82d9e58a3ba2d0f68a0e4ea75f.jpg,640,480,Thalassia Hemprichii,151,161,505,371
Thalassia-431-_jpg.rf.2dae25b5ed0c406e5c49a9bf36c54093.jpg,640,480,Thalassia Hemprichii,221,121,470,392
Enhalus-Acoraides-131_jpg.rf.987798f03a08135c89f89fda25e302a5.jpg,640,480,Enhalus Acoraides,68,94,640,404
Thalassia-98-_jpg.rf.13798c62520cab398779d2702e0eb2f7.jpg,640,480,Thalassia Hemprichii,208,153,404,387
Thalassia-205-_jpg.rf.02eda34f18fa60eeea42c9389e5f3c2a.jpg,640,480,Thalassia Hemprichii,157,187,462,416
Thalassia-96-_jpg.rf.88c02ab7978cf5645dd91ed264274eaa.jpg,640,480,Thalassia Hemprichii,208,151,421,370
Thalassia-43-_jpg.rf.447fc478b8f658dbbeda4a7cc7dec29b.jpg,640,480,Thalassia Hemprichii,231,151,534,389
Thalassia-313-_jpg.rf.2aeb1585c5f499abcc60847d3f2479ad.jpg,640,480,Thalassia Hemprichii,149,130,413,343
Enhalus-Acoraides-221_jpg.rf.97b53b4d63b2606221ab182bae8d966e.jpg,640,480,Enhalus Acoraides,17,188,640,347
Thalassia-97-_jpg.rf.5512f32a08aeae2bc60826141aa9bf0b.jpg,640,480,Thalassia Hemprichii,214,160,414,371
Thalassia-335-_jpg.rf.95928953d60bd325818b139285bb12e7.jpg,640,480,Thalassia Hemprichii,248,128,465,403
Thalassia-95-_jpg.rf.075c088c2bb40724fa35ca39ae4e59b2.jpg,640,480,Thalassia Hemprichii,210,160,414,388
Thalassia-276-_jpg.rf.2158c33f2a05de08700c305e837d26b2.jpg,640,480,Thalassia Hemprichii,242,151,507,406
Thalassia-315-_jpg.rf.9893bd4385639fe0cf8befaf3815afc8.jpg,640,480,Thalassia Hemprichii,115,145,453,326
Simodo-Sore-123-_jpg.rf.81f5e0bb3a722da374708976b3a971a8.jpg,640,480,Cymodocea Rotundata,39,174,494,371
Enhalus-Acoraides-151_jpg.rf.69bd03aabd1f021624d224c06993a61f.jpg,640,480,Enhalus Acoraides,115,123,599,471
Simodo-Sore-120-_jpg.rf.e772e97c77d4e3f1f031f8d82ef12a68.jpg,640,480,Cymodocea Rotundata,30,162,548,309
SIMODO-SORE-61-_jpg.rf.c532eeb7f4bbc9fd263bd31b9b59cec6.jpg,640,480,Cymodocea Rotundata,151,94,547,380
Enhalus-Acoraides-181_jpg.rf.f6a28ed4cb75c9744aed12ab900b5842.jpg,640,480,Enhalus Acoraides,77,78,568,355
Thalassia-209-_jpg.rf.1e3035a4cb95384315a8803fea6f0c4f.jpg,640,480,Thalassia Hemprichii,115,225,497,333
Thalassia-154-_jpg.rf.3b4ad494393ae07d6991070bc8070645.jpg,640,480,Thalassia Hemprichii,213,136,337,385
Thalassia-104-_jpg.rf.f9765342f9088420cb8322641b184f26.jpg,640,480,Thalassia Hemprichii,128,100,458,355
Enhalus-Acoraides-284_jpg.rf.e0e5d322f85d2c550a2bef1118c73499.jpg,640,480,Enhalus Acoraides,119,84,494,444
Enhalus-Acoraides-61_jpg.rf.450957a87e3a6c979191ab3649ce063b.jpg,640,480,Enhalus Acoraides,214,72,402,472
Thalassia-204-_jpg.rf.2031e673cc1dfde4a52be6e93fb37050.jpg,640,480,Thalassia Hemprichii,126,180,479,420
Thalassia-207-_jpg.rf.1394b35eb7c400ae858b6e7de99baebf.jpg,640,480,Thalassia Hemprichii,98,193,502,354
Thalassia-101-_jpg.rf.462e65bf45d08bec8b67a4953f29273f.jpg,640,480,Thalassia Hemprichii,158,85,410,385
SIMODO-SORE-74-_jpg.rf.07dab66f01fc26f70d045df526afc541.jpg,640,480,Cymodocea Rotundata,93,113,482,361
Enhalus-Acoraides-101_jpg.rf.c8e2722f4a793b2b0a3e2a9e60d821e7.jpg,640,480,Enhalus Acoraides,115,105,575,419
Thalassia-228-_jpg.rf.c337039ef648fc1efcf795237d40fc19.jpg,640,480,Thalassia Hemprichii,134,194,582,311
Thalassia-281-_jpg.rf.76ac09aa193b8a6b76437cb6ec46400d.jpg,640,480,Thalassia Hemprichii,284,154,463,414
Simodo-Sore-274-_jpg.rf.5dbb2f3029bdd5325f2e39b54561e4b4.jpg,640,480,Cymodocea Rotundata,155,126,572,396
Thalassia-23-_jpg.rf.1f3200ac755b4becd31449fb6ba6723e.jpg,640,480,Thalassia Hemprichii,161,175,570,343
Simodo-Sore-234-_jpg.rf.2e15426ebfaaa3f5004ef326f11e1d15.jpg,640,480,Cymodocea Rotundata,94,116,513,362
Thalassia-102-_jpg.rf.168fc69a1999206eab1644416fc9b417.jpg,640,480,Thalassia Hemprichii,147,90,430,366
Thalassia-238-_jpg.rf.7b71bffab7c8b3284093cfddc2ead278.jpg,640,480,Thalassia Hemprichii,256,160,377,451
Thalassia-280-_jpg.rf.3bfda829346218f56a76f605cb41a336.jpg,640,480,Thalassia Hemprichii,276,143,491,414
Enhalus-Acoraides-91_jpg.rf.d34026bdcdfe1303ed64fadd4a2931cf.jpg,640,480,Enhalus Acoraides,151,87,489,376
Simodo-Sore-267-_jpg.rf.a613b6c68e559d28c31bafd562401cc8.jpg,640,480,Cymodocea Rotundata,53,92,538,369
Simodo-12-_jpg.rf.40a3006337efa9838601f319c2450f4e.jpg,640,480,Cymodocea Rotundata,174,27,462,331
Thalassia-311-_jpg.rf.aa9e68c036da24ea0eb7a58783cbaf6f.jpg,640,480,Thalassia Hemprichii,189,133,448,352
Simodo-Sore-167-_jpg.rf.88ffd342a1dfc526fbb5c7de995c0464.jpg,640,480,Cymodocea Rotundata,110,123,631,273
Thalassia-277-_jpg.rf.4429724a730bd5e16ba7fabed2b3b20d.jpg,640,480,Thalassia Hemprichii,252,149,470,402
Thalassia-430-_jpg.rf.b83de9773eee1bab772737d37e5ec0c8.jpg,640,480,Thalassia Hemprichii,229,142,504,391
Thalassia-377-_jpg.rf.22c9364e1959d839a0ea22296ff70171.jpg,640,480,Thalassia Hemprichii,180,141,510,400
Thalassia-391-_jpg.rf.415e15fcbb0772d4ef08ebcdf2a71ede.jpg,640,480,Thalassia Hemprichii,249,59,355,435
Thalassia-153-_jpg.rf.421ad78b8e28f32d3abf252dfe0b964b.jpg,640,480,Thalassia Hemprichii,160,156,393,417
Enhalus-Acoraides-174_jpg.rf.9cdcea81a94e04f7a99ed9925eb1c9db.jpg,640,480,Enhalus Acoraides,140,88,509,381
Thalassia-545-_jpg.rf.7ec51994033d10b7dc12d9d28c408439.jpg,640,480,Thalassia Hemprichii,153,82,476,382
Simodo-Sore-108-_jpg.rf.af30a7b5c0d79f547023f1a215b61b99.jpg,640,480,Cymodocea Rotundata,183,152,525,373
Simodo-Sore-152-_jpg.rf.f22b841789ecc473bc602174a0cc6ce7.jpg,640,480,Cymodocea Rotundata,130,139,590,312
Simodo-4-_jpg.rf.400bd8bbf5fd716a2e23a3d9c867c02e.jpg,640,480,Cymodocea Rotundata,92,124,475,429
Simodo-Sore-178-_jpg.rf.868f6897664669479133e6838a368d69.jpg,640,480,Cymodocea Rotundata,221,99,441,398
Thalassia-241-_jpg.rf.fc550a2cad1c1e58e8d29931c604908e.jpg,640,480,Thalassia Hemprichii,176,118,394,417
Thalassia-541-_jpg.rf.604984b4f3e38d929799d4f5ec56461d.jpg,640,480,Thalassia Hemprichii,186,52,381,381
Simodo-Sore-124-_jpg.rf.c7ad6e0a6dd0d89ff8a2e133658ca436.jpg,640,480,Cymodocea Rotundata,74,160,482,376
Simodo-Sore-159-_jpg.rf.720ff36e5652ca85c9775a3590677978.jpg,640,480,Cymodocea Rotundata,223,148,496,429
Thalassia-227-_jpg.rf.d566bfbf75d5f1f19b11dd4e249d8057.jpg,640,480,Thalassia Hemprichii,109,166,589,309
Thalassia-484-_jpg.rf.e8df60f7ce3e872cfd1098e994f36d24.jpg,640,480,Thalassia Hemprichii,221,124,459,370
SIMODO-SORE-82-_jpg.rf.9f54d5b6f675d6a547a2b549255ec171.jpg,640,480,Cymodocea Rotundata,132,133,536,393
Thalassia-229-_jpg.rf.b6a5abfd8460f5822509fd70fec6707b.jpg,640,480,Thalassia Hemprichii,115,190,583,323
Thalassia-244-_jpg.rf.b38242396c0ef500ec9ab5feec73d640.jpg,640,480,Thalassia Hemprichii,242,131,411,410
Thalassia-155-_jpg.rf.c7eb58e40937967b2f8869172afde168.jpg,640,480,Thalassia Hemprichii,223,124,384,366
Simodo-Sore-214-_jpg.rf.d9ed9fa0bf5867e0dda4d274f49d5933.jpg,640,480,Cymodocea Rotundata,193,92,484,429
Thalassia-242-_jpg.rf.91f47a3cdb0099d4aa22af87a6a3786f.jpg,640,480,Thalassia Hemprichii,199,127,406,418
Simodo-Sore-268-_jpg.rf.5702fd5150a6a0226bfed6e79353561e.jpg,640,480,Cymodocea Rotundata,47,114,543,386
Thalassia-68-_jpg.rf.418c0163389efd34fe306e14958d48b3.jpg,640,480,Thalassia Hemprichii,147,195,533,299
Simodo-8-_jpg.rf.c132996e53accf4fb86d6f661b77fc9e.jpg,640,480,Cymodocea Rotundata,58,132,533,337
Thalassia-275-_jpg.rf.9a388fccdd9e320dbd39065a029ee5a9.jpg,640,480,Thalassia Hemprichii,252,137,504,378
Simodo-Sore-171-_jpg.rf.5ac45fb3adf024873cf9309a58d37feb.jpg,640,480,Cymodocea Rotundata,98,142,612,272
Thalassia-283-_jpg.rf.9947432940d458b5595f7a1cdea2af0c.jpg,640,480,Thalassia Hemprichii,259,158,445,418
Simodo-Sore-54-_jpg.rf.ece774e4c1bee7a7572e7f555d646040.jpg,640,480,Cymodocea Rotundata,200,149,596,385
Simodo-Sore-184-_jpg.rf.7e9fb8431114ae684814ca400e901243.jpg,640,480,Cymodocea Rotundata,107,37,435,412
Thalassia-547-_jpg.rf.2dd2df1127ed6a1ebb70092cd93860a9.jpg,640,480,Thalassia Hemprichii,208,78,573,325
Simodo-Sore-194-_jpg.rf.199f8aa31ba00cf8b5f560459e77cc45.jpg,640,480,Cymodocea Rotundata,119,51,514,326
SIMODO-SORE-68-_jpg.rf.31d3796f272633366f19d3212e74d2fd.jpg,640,480,Cymodocea Rotundata,149,161,546,370
Thalassia-226-_jpg.rf.e89d12ef020e5c8aeecb8420e2c962d9.jpg,640,480,Thalassia Hemprichii,149,161,518,343
SIMODO-SORE-62-_jpg.rf.4da35a54a27c78612cfdafed495a6f53.jpg,640,480,Cymodocea Rotundata,174,107,521,381
Thalassia-544-_jpg.rf.be8aa9ab879544729e8ea42cb7cff8e5.jpg,640,480,Thalassia Hemprichii,224,44,446,371
Simodo-Sore-51-_jpg.rf.babeb0ebe275be6d4170609eaccf5256.jpg,640,480,Cymodocea Rotundata,89,154,538,381
Enhalus-Acoraides-44_jpg.rf.b0d8a4ec56bbb423ab858c4ad655262a.jpg,640,480,Enhalus Acoraides,0,218,592,359
Simodo-Sore-113-_jpg.rf.041ba6d046a87ee6fdd992189a7d7316.jpg,640,480,Cymodocea Rotundata,208,135,441,456
Thalassia-11-_jpg.rf.dba73147ecbdeffd337836af657b60c2.jpg,640,480,Thalassia Hemprichii,253,131,466,399
Enhalus-Acoraides-214_jpg.rf.0113b1199c1678eb76e8471b16f5e785.jpg,640,480,Enhalus Acoraides,49,84,568,390
Enhalus-Acoraides-24_jpg.rf.06d38e3903b0a4b8924a2372a641bd2d.jpg,640,480,Enhalus Acoraides,151,95,504,439
Thalassia-106-_jpg.rf.fd019f7b80f6474239a72937235a93a7.jpg,640,480,Thalassia Hemprichii,198,113,479,314
Enhalus-Acoraides-74_jpg.rf.f6dda99054a59f7746de5f36154d9d71.jpg,640,480,Enhalus Acoraides,55,199,640,298
Simodo-11-_jpg.rf.eb7a575d5cbd1c3da0b2582ca7b9aec4.jpg,640,480,Cymodocea Rotundata,191,61,434,347
Simodo-Sore-137-_jpg.rf.b7a84469a97aae731b078cf474196ab7.jpg,640,480,Cymodocea Rotundata,189,90,533,414
Enhalus-Acoraides-164_jpg.rf.e01ca8a18cee3beb1aca161a4b223587.jpg,640,480,Enhalus Acoraides,5,201,617,329
SIMODO-SORE-90-_jpg.rf.bdfc9fbadc0e9c8f0286dac3ddaadb9c.jpg,640,480,Cymodocea Rotundata,208,80,463,415
Thalassia-29-_jpg.rf.0947ef42d899c7cf4363e1519022c76b.jpg,640,480,Thalassia Hemprichii,233,126,423,427
Thalassia-542-_jpg.rf.4d63d8d7b42fc717dfe379cf672b794b.jpg,640,480,Thalassia Hemprichii,297,7,434,368
Thalassia-339-_jpg.rf.c342ec73e05461ce45dd1f03ca628ba8.jpg,640,480,Thalassia Hemprichii,200,167,547,361
Enhalus-Acoraides-159_jpg.rf.b1a1dad6cacecb719fee2adf43b08fe2.jpg,640,480,Enhalus Acoraides,111,135,562,426
Thalassia-34-_jpg.rf.94675f942690856b8df5e83ba4cf959e.jpg,640,480,Thalassia Hemprichii,102,161,541,313
Thalassia-381-_jpg.rf.8869dd829d885f82bc0a2b5b4dc89932.jpg,640,480,Thalassia Hemprichii,106,216,475,355
Thalassia-158-_jpg.rf.a9499eab5b253b982fce273ca2ab5921.jpg,640,480,Thalassia Hemprichii,241,119,412,349
Enhalus-Acoraides-274_jpg.rf.398c26fab8c4ef6a729d518b3db2c799.jpg,640,480,Enhalus Acoraides,174,77,556,357
Thalassia-232-_jpg.rf.fbdd6f4ee931be9c0cace7fbf44c48bc.jpg,640,480,Thalassia Hemprichii,191,185,558,359
Thalassia-546-_jpg.rf.1676a7dd8ab563c8970d878e0083b3b7.jpg,640,480,Thalassia Hemprichii,129,110,494,388
Thalassia-16-_jpg.rf.8313c697ed10b1408446504cb195234a.jpg,640,480,Thalassia Hemprichii,91,190,536,341
Thalassia-432-_jpg.rf.da82b7edddc13f34ee5e8e87a53ade7e.jpg,640,480,Thalassia Hemprichii,206,154,477,371
Thalassia-212-_jpg.rf.7f82d70b17bee9104f165ea692485a59.jpg,640,480,Thalassia Hemprichii,81,190,505,303
Simodo-Sore-44-_jpg.rf.25769d448c351c53c5a44609fd487402.jpg,640,480,Cymodocea Rotundata,87,160,568,388
Enhalus-Acoraides-109_jpg.rf.b022a5bea16aaa733bec8a1caa4ed608.jpg,640,480,Enhalus Acoraides,22,128,563,404
Enhalus-Acoraides-114_jpg.rf.f9c0b743a65f2acf3c38920a08dc8062.jpg,640,480,Enhalus Acoraides,73,111,572,379
Thalassia-219-_jpg.rf.ac63f15c098311dccd28d3901f2e874b.jpg,640,480,Thalassia Hemprichii,269,161,443,397
Simodo-Sore-252-_jpg.rf.fdb6958bd73568878d2d048fb13c9ee9.jpg,640,480,Cymodocea Rotundata,189,134,577,353
Thalassia-433-_jpg.rf.8c35d68b1fb6a28b6695dc8fb629e31a.jpg,640,480,Thalassia Hemprichii,174,170,524,348
Enhalus-Acoraides-138_jpg.rf.bfd45806545bddeace5577a583aefe8e.jpg,640,480,Enhalus Acoraides,62,99,640,352
Thalassia-328-_jpg.rf.12a80c0027a6b26b1e9578dfaff33dac.jpg,640,480,Thalassia Hemprichii,204,121,507,311
Thalassia-159-_jpg.rf.d12b3161e28aacd3442a1c8264cce57b.jpg,640,480,Thalassia Hemprichii,215,130,424,320
Thalassia-550-_jpg.rf.48adc3ed16533c89494e80a77b302188.jpg,640,480,Thalassia Hemprichii,243,102,423,425
Thalassia-111-_jpg.rf.9684def70aee1d2820d75138f3387203.jpg,640,480,Thalassia Hemprichii,220,135,575,276
Simodo-13-_jpg.rf.290d580cc714fa4ae0727810c12b5d64.jpg,640,480,Cymodocea Rotundata,129,85,509,305
Simodo-Sore-111-_jpg.rf.213aa51f616be7180b3528a094c07d50.jpg,640,480,Cymodocea Rotundata,174,106,472,441
Thalassia-380-_jpg.rf.14e03720af4d9295180bb66b93a67ba7.jpg,640,480,Thalassia Hemprichii,115,184,480,314
Thalassia-282-_jpg.rf.9aee21ce61d119b3101a4745e303467a.jpg,640,480,Thalassia Hemprichii,284,156,445,408
Enhalus-Acoraides-69_jpg.rf.ceaa0e76795ad3c0c27ccde898c97b45.jpg,640,480,Enhalus Acoraides,57,158,640,323
Simodo-Sore-6-_jpg.rf.272e88fac18f3957e1086cac2700d20c.jpg,640,480,Cymodocea Rotundata,106,174,487,376
Simodo-Sore-223-_jpg.rf.c8382fbf88aa76dd1538c45327c40ad7.jpg,640,480,Cymodocea Rotundata,51,180,565,366
Simodo-Sore-57-_jpg.rf.1565c28230416ed9ea25dc9ac3712d6d.jpg,640,480,Cymodocea Rotundata,237,141,543,375
Simodo-Sore-30-_jpg.rf.47983c7f5713251c86fede5d9773aecb.jpg,640,480,Cymodocea Rotundata,64,119,487,339
Enhalus-Acoraides-32_jpg.rf.a8473179602f1c8044b45e3c4f1c0497.jpg,640,480,Enhalus Acoraides,72,132,575,361
Enhalus-Acoraides-21_jpg.rf.379d8de97d06d7d778246aec03e592f4.jpg,640,480,Enhalus Acoraides,119,84,451,409
Thalassia-110-_jpg.rf.6e1fe72a73e236113c0a7f93243c9c7b.jpg,640,480,Thalassia Hemprichii,209,123,574,283
Enhalus-Acoraides-81_jpg.rf.451f70f1e8b05cdb61fabed23ef0addc.jpg,640,480,Enhalus Acoraides,117,98,519,351
Thalassia-109-_jpg.rf.1893da1e50a80b4d0e0535defe0d1723.jpg,640,480,Thalassia Hemprichii,192,126,550,283
Simodo-Sore-39-_jpg.rf.45a5b8633503f9a258f71c3dfdca0796.jpg,640,480,Cymodocea Rotundata,85,84,514,317
Simodo-Sore-143-_jpg.rf.1ad9ea43ea153e471533b4a22a379960.jpg,640,480,Cymodocea Rotundata,142,192,616,367
Thalassia-162-_jpg.rf.0bad20988bfd6d843b7fbe7ed0984d87.jpg,640,480,Thalassia Hemprichii,101,151,499,280
Thalassia-19-_jpg.rf.2678a278f3ffef1e4c738d960614085f.jpg,640,480,Thalassia Hemprichii,104,204,563,331
Thalassia-33-_jpg.rf.7fab190ec4e184f3cbf5321919196f56.jpg,640,480,Thalassia Hemprichii,71,139,540,304
Thalassia-362-_jpg.rf.714d7ede807b960ab7e5324149550fd0.jpg,640,480,Thalassia Hemprichii,153,70,418,374
Simodo-Sore-251-_jpg.rf.38be3d7e88bf71f68d6fc0f7f2dc2df9.jpg,640,480,Cymodocea Rotundata,202,111,535,333
Thalassia-160-_jpg.rf.9a656b0b01c500524dc819fe9d671572.jpg,640,480,Thalassia Hemprichii,229,132,466,309
Simodo-Sore-116-_jpg.rf.bcb393b5fe65c5d06db3ee0172e41b93.jpg,640,480,Cymodocea Rotundata,110,105,531,386
Thalassia-183-_jpg.rf.0ff8ee02b3932bec174bf1be7020c383.jpg,640,480,Thalassia Hemprichii,174,128,560,347
Simodo-Sore-96-_jpg.rf.4e16351e226a67bbded6ee8fb29f7fb3.jpg,640,480,Cymodocea Rotundata,115,170,583,365
Simodo-Sore-125-_jpg.rf.3733127de284701ca515d0adebf8b62e.jpg,640,480,Cymodocea Rotundata,119,152,480,394
Thalassia-485-_jpg.rf.4754b5936eebcc586ba9dd4ff60ed465.jpg,640,480,Thalassia Hemprichii,205,112,430,372
Thalassia-363-_jpg.rf.79ca8eaefae2c13309121ac12274a9c0.jpg,640,480,Thalassia Hemprichii,154,74,411,393
Thalassia-364-_jpg.rf.a13433f44b075b4790dce6ebf969d95e.jpg,640,480,Thalassia Hemprichii,180,76,384,411
Thalassia-331-_jpg.rf.9517853f12227be9e9523dd577da9180.jpg,640,480,Thalassia Hemprichii,246,100,531,368
Thalassia-481-_jpg.rf.cf260d733b5bdbd2651e59382f98f989.jpg,640,480,Thalassia Hemprichii,213,211,479,362
Simodo-Sore-101-_jpg.rf.b5275ee264e16a0b44ff8eb182c1b508.jpg,640,480,Cymodocea Rotundata,98,196,597,299
Thalassia-221-_jpg.rf.9f6b4cc8ab1fb361375017a6ddcc43df.jpg,640,480,Thalassia Hemprichii,210,111,389,368
Thalassia-220-_jpg.rf.eea74fdaa3c98443419038772f675b25.jpg,640,480,Thalassia Hemprichii,233,137,372,358
Simodo-Sore-138-_jpg.rf.60f8be605818962dc5e81b6c15dfe417.jpg,640,480,Cymodocea Rotundata,126,123,518,403
Enhalus-Acoraides-171_jpg.rf.efb555d228d6f5f26664818e61cc05b4.jpg,640,480,Enhalus Acoraides,100,114,570,360
Thalassia-340-_jpg.rf.7e1eca60f19bd7d94ede073673845593.jpg,640,480,Thalassia Hemprichii,178,175,536,373
Thalassia-113-_jpg.rf.bae1087e7f3328ae9e97c1c04df604ac.jpg,640,480,Thalassia Hemprichii,137,173,606,279
Enhalus-Acoraides-78_jpg.rf.1b8ca15e968831953c9411e99a38f998.jpg,640,480,Enhalus Acoraides,56,133,557,317
Simodo-Sore-277-_jpg.rf.b456b3a040ea86775488be19f8a143fa.jpg,640,480,Cymodocea Rotundata,149,116,580,375
Thalassia-114-_jpg.rf.d54208792b6bc4acf30abcbcc0fe5fae.jpg,640,480,Thalassia Hemprichii,211,184,626,282
Thalassia-184-_jpg.rf.f547c85e78e197861fa39717719c5713.jpg,640,480,Thalassia Hemprichii,117,271,548,376
Thalassia-549-_jpg.rf.29ebf7b90ced28ec4b9577a7cd542392.jpg,640,480,Thalassia Hemprichii,205,129,464,437
Thalassia-161-_jpg.rf.81eb4b6fa07050ea593bfd8590a92148.jpg,640,480,Thalassia Hemprichii,244,143,477,274
Enhalus-Acoraides-9_jpg.rf.140adbb66e21f825fc15d08fbf25c95e.jpg,640,480,Enhalus Acoraides,62,118,546,372
Thalassia-382-_jpg.rf.313518583ef12be1544f37690b2aabe6.jpg,640,480,Thalassia Hemprichii,104,219,497,350
Enhalus-Acoraides-287_jpg.rf.326ad15d706c34833e7a54bc2e5597ec.jpg,640,480,Enhalus Acoraides,100,97,566,424
Enhalus-Acoraides-224_jpg.rf.83d4dc19f3b74da0ca780c83b3bae0a8.jpg,640,480,Enhalus Acoraides,102,97,605,378
Thalassia-223-_jpg.rf.d635a465b04599be1aae3a43ee59acbf.jpg,640,480,Thalassia Hemprichii,183,109,462,342
Thalassia-486-_jpg.rf.3aaf0cab7a3128c986f46dc0b42a2ea9.jpg,640,480,Thalassia Hemprichii,206,116,400,405
Simodo-16-_jpg.rf.feeb25e33c4e351e53b3d006a6d589c4.jpg,640,480,Cymodocea Rotundata,132,127,621,375
Simodo-Sore-28-_jpg.rf.e1069932b509d194c338225b1d313904.jpg,640,480,Cymodocea Rotundata,51,93,509,324
Simodo-Sore-182-_jpg.rf.ccc2900b2547fa0ccae1b3aa9d68f3d6.jpg,640,480,Cymodocea Rotundata,142,80,438,416
Thalassia-293-_jpg.rf.e1ce347853a2ba7467e1a70ab53eeff4.jpg,640,480,Thalassia Hemprichii,71,210,557,333
Simodo-Sore-213-_jpg.rf.628253c52272485a8885849e0b30c4cc.jpg,640,480,Cymodocea Rotundata,155,72,485,416
Thalassia-222-_jpg.rf.b6b4aaa84bf362e77f6ef844d3fe3686.jpg,640,480,Thalassia Hemprichii,235,122,426,356
Enhalus-Acoraides-18_jpg.rf.f93a27b41ee61477a9c1dc3a0e891e94.jpg,640,480,Enhalus Acoraides,162,99,535,364
Enhalus-Acoraides-12_jpg.rf.e0ba87b4fe70a1f6ea120d19be615029.jpg,640,480,Enhalus Acoraides,208,76,539,389
Simodo-Sore-24-_jpg.rf.1866cd6eed2e112a1a37d11f852ec328.jpg,640,480,Cymodocea Rotundata,140,185,521,390
Simodo-Sore-259-_jpg.rf.ace67c87c8c72439d85d2c8a698f9286.jpg,640,480,Cymodocea Rotundata,174,174,500,411
Thalassia-224-_jpg.rf.1783000431d7294806da79c02382c87b.jpg,640,480,Thalassia Hemprichii,183,128,457,353
Thalassia-55-_jpg.rf.991bd01ee8db27d70011d24ca6d1af4f.jpg,640,480,Thalassia Hemprichii,225,150,392,386
Thalassia-78-_jpg.rf.35b0a6680391dab5dc94cf8f090bebb3.jpg,640,480,Thalassia Hemprichii,191,159,433,364
Thalassia-22-_jpg.rf.6cc3c8f2e118b908d38c3ab3776f34a9.jpg,640,480,Thalassia Hemprichii,170,190,550,343
Enhalus-Acoraides-262_jpg.rf.2ba95ad40066c75fe7baa78ac149e378.jpg,640,480,Enhalus Acoraides,17,115,631,296
Thalassia-187-_jpg.rf.df93645921d57da7abd77873b88a4c2d.jpg,640,480,Thalassia Hemprichii,55,239,526,352
Simodo-Sore-191-_jpg.rf.a0f535e5e1ea8ee24b91d0c96f12261a.jpg,640,480,Cymodocea Rotundata,147,41,458,370
Simodo-Sore-169-_jpg.rf.1df78809004817d7fdacf05c44ec1aaf.jpg,640,480,Cymodocea Rotundata,83,140,590,273
Simodo-Sore-10-_jpg.rf.3d5d843826b96d4919cdbbbf5cbc3f1e.jpg,640,480,Cymodocea Rotundata,70,185,467,372
SIMODO-SORE-76-_jpg.rf.a859f68cf8e215c979abf59999ab33e5.jpg,640,480,Cymodocea Rotundata,100,104,492,384
Enhalus-Acoraides-49_jpg.rf.169b403ce61268801339b5695681b3c1.jpg,640,480,Enhalus Acoraides,18,171,569,298
Thalassia-366-_jpg.rf.42aca3c1ac6d157ca867bf4ac0c8b157.jpg,640,480,Thalassia Hemprichii,219,53,370,398
Thalassia-163-_jpg.rf.ff0a60d5463196f4c19ed5c22bae01db.jpg,640,480,Thalassia Hemprichii,95,161,499,267
Simodo-Sore-52-_jpg.rf.f252e5b2cae704361f79ef3268c6918a.jpg,640,480,Cymodocea Rotundata,138,147,578,382
SIMODO-SORE-81-_jpg.rf.b868aff39360d56d94d37e8bede771c2.jpg,640,480,Cymodocea Rotundata,140,115,541,389
Enhalus-Acoraides-202_jpg.rf.00c6307adfcc114a92065e91be43c3e7.jpg,640,480,Enhalus Acoraides,204,83,452,435
Thalassia-525-_jpg.rf.1d492b5fe35fa49a5d301239e3fd6559.jpg,640,480,Thalassia Hemprichii,219,216,456,370
Enhalus-Acoraides-87_jpg.rf.416c3ed6e2f2ce71bd55501a186bcff8.jpg,640,480,Enhalus Acoraides,240,83,435,413
Enhalus-Acoraides-33_jpg.rf.348de45ff8e8a1422e3c4403d8840600.jpg,640,480,Enhalus Acoraides,115,90,494,379
Thalassia-79-_jpg.rf.bb50d958aff17cc3bb457f8eb21f9191.jpg,640,480,Thalassia Hemprichii,191,180,468,352
Simodo-Sore-244-_jpg.rf.60699088485c897b1b4f18d84af0253f.jpg,640,480,Cymodocea Rotundata,176,152,592,371
Simodo-Sore-265-_jpg.rf.abd7cdc8ecf24d41c3db8b350db7bd62.jpg,640,480,Cymodocea Rotundata,81,114,509,359
Enhalus-Acoraides-77_jpg.rf.5961f16be166cd05812be1f174ab9d8c.jpg,640,480,Enhalus Acoraides,11,166,538,308
Thalassia-165-_jpg.rf.95a14bbc5d179bb4c69a34f01e09ea7e.jpg,640,480,Thalassia Hemprichii,150,198,534,280
Enhalus-Acoraides-269_jpg.rf.3c93332a0224f6340c59fc452419814e.jpg,640,480,Enhalus Acoraides,89,80,602,330
Enhalus-Acoraides-265_jpg.rf.0148894ee2246c8cb308af9787441796.jpg,640,480,Enhalus Acoraides,32,161,616,307
Enhalus-Acoraides-155_jpg.rf.01e413b050c4ab3e23dbbf0dac529aff.jpg,640,480,Enhalus Acoraides,227,70,511,454
Thalassia-458-_jpg.rf.b80a4b906f441f2c2361cd1b3bd77339.jpg,640,480,Thalassia Hemprichii,49,197,474,320
Thalassia-234-_jpg.rf.c044e56bdd4a1c5ca9b340b26d80bfcc.jpg,640,480,Thalassia Hemprichii,202,165,536,400
Thalassia-534-_jpg.rf.9f7e49d0b4486b7aaed6fbb2b639b8af.jpg,640,480,Thalassia Hemprichii,215,200,493,336
Enhalus-Acoraides-210_jpg.rf.12979ad78b51d9fb165e6842b0f07bfb.jpg,640,480,Enhalus Acoraides,134,58,565,440
Thalassia-233-_jpg.rf.aa43a1aa71b11e038072e822622ff03c.jpg,640,480,Thalassia Hemprichii,231,175,584,372
Thalassia-365-_jpg.rf.48beb7d967ed844428a6f9dd8f1a723a.jpg,640,480,Thalassia Hemprichii,190,54,379,396
Simodo-Sore-190-_jpg.rf.689bcda0c97c2643114e3b4fdefb2404.jpg,640,480,Cymodocea Rotundata,153,55,434,362
Thalassia-295-_jpg.rf.d9d357131b120a262ec94c7242dc0b3c.jpg,640,480,Thalassia Hemprichii,81,199,587,344
Thalassia-235-_jpg.rf.b7068fd60d19c7a9233396b9ebd3bcef.jpg,640,480,Thalassia Hemprichii,237,140,504,399
Thalassia-487-_jpg.rf.b5bb3d496976bf8d2c47afee27e73a21.jpg,640,480,Thalassia Hemprichii,233,99,385,407
Enhalus-Acoraides-167_jpg.rf.b56a9b9c8a563522397b168678f0ba42.jpg,640,480,Enhalus Acoraides,45,203,595,322
Enhalus-Acoraides-65_jpg.rf.46635f80f3cdd81aff96b8c3e4ee3d66.jpg,640,480,Enhalus Acoraides,136,104,593,444
Simodo-Sore-257-_jpg.rf.45f9a51212f515449624b865a64b2617.jpg,640,480,Cymodocea Rotundata,144,161,494,387
Enhalus-Acoraides-45_jpg.rf.0639969f59fdc6ac710eb0be13369350.jpg,640,480,Enhalus Acoraides,13,198,599,333
Enhalus-Acoraides-136_jpg.rf.4bf43718f59f373695336ef2afcb3559.jpg,640,480,Enhalus Acoraides,70,99,640,352
Thalassia-379-_jpg.rf.522d050197ca95750f491a878cd3b9af.jpg,640,480,Thalassia Hemprichii,150,167,500,372
Thalassia-501-_jpg.rf.34b0360af62835b997ac05933a4529b3.jpg,640,480,Thalassia Hemprichii,227,92,441,324
Thalassia-454-_jpg.rf.3ea6ddcc23316432622c7ba12a112147.jpg,640,480,Thalassia Hemprichii,149,145,411,385
Thalassia-291-_jpg.rf.a94f71182ca081dd3a50b50d021d221a.jpg,640,480,Thalassia Hemprichii,106,223,558,332
Enhalus-Acoraides-195_jpg.rf.7893cad6d7b1dd83daf34798b7a1f3d8.jpg,640,480,Enhalus Acoraides,157,108,640,385
Simodo-Sore-232-_jpg.rf.29ca7bb69f4f295536fef5ee36ea4311.jpg,640,480,Cymodocea Rotundata,111,137,435,367
Thalassia-456-_jpg.rf.b1898d362d9a151560c85aba5ed3f1fb.jpg,640,480,Thalassia Hemprichii,79,167,489,327
Enhalus-Acoraides-102_jpg.rf.d3e72582154ef208e436c56bf0a822ba.jpg,640,480,Enhalus Acoraides,123,116,567,423
Thalassia-80-_jpg.rf.0022dcca6153eb950f572f498f310588.jpg,640,480,Thalassia Hemprichii,170,180,516,343
Thalassia-370-_jpg.rf.bb00ecaf4bd2df32a3567bd3d878c522.jpg,640,480,Thalassia Hemprichii,254,40,465,447
Thalassia-482-_jpg.rf.5c42c4182a23cc5d183ce91cc5735074.jpg,640,480,Thalassia Hemprichii,196,187,474,365
Enhalus-Acoraides-198_jpg.rf.edae85205c9cec727944bb986ccd40f7.jpg,640,480,Enhalus Acoraides,180,113,470,441
Enhalus-Acoraides-271_jpg.rf.62c9393fb6b1d82454555013eb062c9a.jpg,640,480,Enhalus Acoraides,115,81,594,338
Enhalus-Acoraides-43_jpg.rf.dc5b97739047c6e9730789f696a1f153.jpg,640,480,Enhalus Acoraides,22,191,599,386
Thalassia-510-_jpg.rf.f3352094a209e12d483c3f532dab8acd.jpg,640,480,Thalassia Hemprichii,234,159,514,323
Thalassia-166-_jpg.rf.eb2fb3f223c675c7e9df048c49e510ac.jpg,640,480,Thalassia Hemprichii,148,209,521,281
Thalassia-190-_jpg.rf.4650da972bd8e180bf7432c839877e58.jpg,640,480,Thalassia Hemprichii,144,201,526,356
Simodo-Sore-199-_jpg.rf.a2cb77d7770d6766985738c41124174d.jpg,640,480,Cymodocea Rotundata,119,120,614,295
Thalassia-452-_jpg.rf.42bad9cb7b774c7ee0b7cb0b766616ca.jpg,640,480,Thalassia Hemprichii,199,142,406,430
Thalassia-457-_jpg.rf.ccca1de6fbd077c40dd306cb7ddf0dba.jpg,640,480,Thalassia Hemprichii,56,172,497,330
Enhalus-Acoraides-117_jpg.rf.d58f4370990474f62b1c36eccfc34bdc.jpg,640,480,Enhalus Acoraides,100,71,583,380
Thalassia-513-_jpg.rf.41a998f4b523605a23e83dba1c1db34a.jpg,640,480,Thalassia Hemprichii,210,190,524,322
Enhalus-Acoraides-62_jpg.rf.e5cf16f34130805bcfcaa7101660ab26.jpg,640,480,Enhalus Acoraides,115,87,563,478
Simodo-Sore-45-_jpg.rf.7ab2e904b1d542f137817b8d8cb16be9.jpg,640,480,Cymodocea Rotundata,85,166,577,388
Simodo-Sore-174-_jpg.rf.1e1c3acb9dbaa473e71a81a967ceedfc.jpg,640,480,Cymodocea Rotundata,162,108,496,346
Enhalus-Acoraides-56_jpg.rf.9d64aad969ea090a474614b45e5179e5.jpg,640,480,Enhalus Acoraides,130,116,533,428
Enhalus-Acoraides-147_jpg.rf.eea88a93aa33a7fac0fe33a364add212.jpg,640,480,Enhalus Acoraides,81,127,572,421
Thalassia-32-_jpg.rf.404fae3e36cda7d69b8b7ed32cb4fe1c.jpg,640,480,Thalassia Hemprichii,106,101,523,335
Thalassia-225-_jpg.rf.adc50bbe7c47741523a02ae3e421588f.jpg,640,480,Thalassia Hemprichii,159,162,487,348
Enhalus-Acoraides-172_jpg.rf.56ec076d2e2b3d4a4fed1504e586c8e7.jpg,640,480,Enhalus Acoraides,98,99,519,370
Thalassia-450-_jpg.rf.2e010ba5e0b8537ed29efb22139f1428.jpg,640,480,Thalassia Hemprichii,210,91,411,429
Simodo-Sore-260-_jpg.rf.275826160117722bbf8bbaf1c2e1fa2b.jpg,640,480,Cymodocea Rotundata,161,171,519,401
Simodo-Sore-126-_jpg.rf.77e2185e32d4165b9d40795a7d29e0d8.jpg,640,480,Cymodocea Rotundata,149,151,462,388
Enhalus-Acoraides-277_jpg.rf.d84646958453483421d1ac3e820176f7.jpg,640,480,Enhalus Acoraides,197,37,423,384
Thalassia-500-_jpg.rf.649136606fed4f470a13d26c91f9f9c1.jpg,640,480,Thalassia Hemprichii,169,6,411,217
Thalassia-81-_jpg.rf.c2be7cd851607b9ab1e5e65b48ff6857.jpg,640,480,Thalassia Hemprichii,163,206,531,325
Thalassia-251-_jpg.rf.55af8104137bf7241e4cf19ff43fff24.jpg,640,480,Thalassia Hemprichii,172,139,460,355
Simodo-Sore-56-_jpg.rf.8530b98cf56c12299b486f0478800f7e.jpg,640,480,Cymodocea Rotundata,225,151,572,365
Simodo-Sore-173-_jpg.rf.2c49d0338972bd9f38338fb724f0130c.jpg,640,480,Cymodocea Rotundata,142,121,582,334
Thalassia-51-_jpg.rf.7683c85324442e1185ecff7713422bdf.jpg,640,480,Thalassia Hemprichii,276,149,477,394
Thalassia-393-_jpg.rf.32c4983592f5f6e7d5fdcf82fb121878.jpg,640,480,Thalassia Hemprichii,159,68,373,413
Simodo-Sore-110-_jpg.rf.5f05bfc6ee586f4ccdc9b3942db1872e.jpg,640,480,Cymodocea Rotundata,166,100,514,428
Simodo-Sore-29-_jpg.rf.867022cdbcc0233a23b500744d9939af.jpg,640,480,Cymodocea Rotundata,47,116,485,354
Thalassia-398-_jpg.rf.4b74cd0ca7db008eb8b8c2d39a39f86b.jpg,640,480,Thalassia Hemprichii,43,158,437,394
Simodo-Sore-165-_jpg.rf.d3604f2d326ed002c13ba4bf0bca1ead.jpg,640,480,Cymodocea Rotundata,127,116,621,305
Thalassia-250-_jpg.rf.4807320010e7f385affc82e178d0360b.jpg,640,480,Thalassia Hemprichii,174,144,500,409
Thalassia-516-_jpg.rf.3f1c5b40024af0956120fb5f5ae9631b.jpg,640,480,Thalassia Hemprichii,185,118,479,353
Thalassia-189-_jpg.rf.d722ffcd0a0693b016bea6d388a1efac.jpg,640,480,Thalassia Hemprichii,115,216,553,346
Thalassia-320-_jpg.rf.2885e23b96765e791d87ce0b4f17a488.jpg,640,480,Thalassia Hemprichii,119,147,551,302
Enhalus-Acoraides-52_jpg.rf.d97013961ab95ebb79fb60e25a6061cd.jpg,640,480,Enhalus Acoraides,117,53,514,427
Thalassia-371-_jpg.rf.cd1448ef336f4d9c8a194e74cf51a3b2.jpg,640,480,Thalassia Hemprichii,254,40,456,454
Thalassia-321-_jpg.rf.fcb7af7975f4f8e8a9fefd59e8f84b44.jpg,640,480,Thalassia Hemprichii,123,163,543,296
Thalassia-319-_jpg.rf.d2aa486c4dc84f831ce7b28d6c1e5be0.jpg,640,480,Thalassia Hemprichii,113,161,545,302
Enhalus-Acoraides-152_jpg.rf.824b52984d1474d8359ee6970e9ec871.jpg,640,480,Enhalus Acoraides,117,130,553,480
Simodo-Sore-104-_jpg.rf.b2a475f0e562022e097e496d2dfdd68f.jpg,640,480,Cymodocea Rotundata,106,166,607,301
Simodo-Sore-35-_jpg.rf.aa02195be1d3e3faab9480ae7480f62e.jpg,640,480,Cymodocea Rotundata,165,109,575,355
Enhalus-Acoraides-116_jpg.rf.2d4bd69e10ed9a0fcb9a93e1ff311728.jpg,640,480,Enhalus Acoraides,100,90,566,376
Enhalus-Acoraides-270_jpg.rf.8070dd12d575521d7e5c49db0ba76957.jpg,640,480,Enhalus Acoraides,85,60,614,337
Enhalus-Acoraides-111_jpg.rf.73181b2d4362f930051b031d92c165c1.jpg,640,480,Enhalus Acoraides,28,148,582,379
Thalassia-301-_jpg.rf.f81c9d83e551f3372d00960cd5907ba2.jpg,640,480,Thalassia Hemprichii,157,153,435,428
Enhalus-Acoraides-211_jpg.rf.68e174ebc4498bf6b82d1b910a3c7623.jpg,640,480,Enhalus Acoraides,96,54,548,431
Enhalus-Acoraides-115_jpg.rf.e4e1ed53583e04b0694c9676b6520af9.jpg,640,480,Enhalus Acoraides,72,94,553,369
Simodo-Sore-162-_jpg.rf.743f1d984da2ea51a7fe96bb3c1060c8.jpg,640,480,Cymodocea Rotundata,253,118,513,442
Thalassia-511-_jpg.rf.16b65f42558a7778384bc807d9ef0a90.jpg,640,480,Thalassia Hemprichii,196,162,491,326
Thalassia-517-_jpg.rf.71c1573413cc061710ff45224e874f47.jpg,640,480,Thalassia Hemprichii,202,110,463,368
Enhalus-Acoraides-92_jpg.rf.724135fc4e8f12a04e96a4a509922c8f.jpg,640,480,Enhalus Acoraides,144,78,519,368
Thalassia-268-_jpg.rf.c78b82ae7df5d699c1165dd3d2810cad.jpg,640,480,Thalassia Hemprichii,151,204,533,314
Enhalus-Acoraides-204_jpg.rf.f22c11aba6dfe16fe148a14b721d752e.jpg,640,480,Enhalus Acoraides,140,50,507,464
Enhalus-Acoraides-130_jpg.rf.6b1c8def8a3f7a0d657d3ddf68c1dfd0.jpg,640,480,Enhalus Acoraides,70,105,640,382
Thalassia-256-_jpg.rf.32aaeedd5b973bd90b7fc378665c3e37.jpg,640,480,Thalassia Hemprichii,134,137,543,309
Thalassia-372-_jpg.rf.fe47756734c384b1005bd4af586ee28c.jpg,640,480,Thalassia Hemprichii,242,83,468,431
Enhalus-Acoraides-90_jpg.rf.ade6725309f5a7bcd1d2c3c49fb377aa.jpg,640,480,Enhalus Acoraides,22,116,582,414
Enhalus-Acoraides-275_jpg.rf.58eaebcbad066aafdd236035a4e7ba16.jpg,640,480,Enhalus Acoraides,176,86,587,347
Thalassia-253-_jpg.rf.542da74fbc806f5e510a4b83ab7775c9.jpg,640,480,Thalassia Hemprichii,155,154,517,322
Enhalus-Acoraides-230_jpg.rf.d0b1a98d9cef8b2d736ae9d55bb2f266.jpg,640,480,Enhalus Acoraides,149,42,433,437
Enhalus-Acoraides-26_jpg.rf.e16e077684edb9b44ba9bae7ac13a893.jpg,640,480,Enhalus Acoraides,136,117,565,406
Simodo-Sore-175-_jpg.rf.569600def988c7e4ab946f94077995b5.jpg,640,480,Cymodocea Rotundata,170,104,501,355
Enhalus-Acoraides-216_jpg.rf.b1c18c96f997edb29f71ea402724a3cf.jpg,640,480,Enhalus Acoraides,45,113,612,401
Enhalus-Acoraides-290_jpg.rf.312f8e5324b4ccb8f4beb895617ec4f0.jpg,640,480,Enhalus Acoraides,62,138,573,400
Thalassia-116-_jpg.rf.e6733fa438343310cb2fbf2a3e781725.jpg,640,480,Thalassia Hemprichii,205,200,621,282
Thalassia-504-_jpg.rf.c52a2caba940b3071ef741cf6934cf88.jpg,640,480,Thalassia Hemprichii,389,87,505,361
Simodo-Sore-53-_jpg.rf.2165cb1b920a529b5123702b2af87cac.jpg,640,480,Cymodocea Rotundata,157,159,582,368
Thalassia-118-_jpg.rf.b005dde626940bd952d9006830f62db0.jpg,640,480,Thalassia Hemprichii,189,217,632,313
Thalassia-503-_jpg.rf.7bac96d9310b558aba148b5744726fd6.jpg,640,480,Thalassia Hemprichii,380,69,493,347
Thalassia-267-_jpg.rf.b92a0a9d93cd84830e992467f6a568e1.jpg,640,480,Thalassia Hemprichii,157,205,556,300
Thalassia-502-_jpg.rf.8a726c952940941fa8afce949dc49b7a.jpg,640,480,Thalassia Hemprichii,265,72,445,326
Enhalus-Acoraides-148_jpg.rf.de15b4f010ffcc19ed941cf877db37d0.jpg,640,480,Enhalus Acoraides,106,123,597,449
Simodo-Sore-270-_jpg.rf.3ce022640239af53b8729f602a9a760e.jpg,640,480,Cymodocea Rotundata,75,100,535,367
Enhalus-Acoraides-5_jpg.rf.61f3c27a13a156ffd8f9bc6bbb54e00e.jpg,640,480,Enhalus Acoraides,28,99,587,404
Thalassia-539-_jpg.rf.f1dd440f9c7108683f4f019e1e0ec031.jpg,640,480,Thalassia Hemprichii,139,89,406,371
Thalassia-373-_jpg.rf.b09b254e9cfe02cf7b68160692d03dc0.jpg,640,480,Thalassia Hemprichii,222,64,482,432
Thalassia-323-_jpg.rf.9cc2b3fc06709b1fb95dfee1f58978ce.jpg,640,480,Thalassia Hemprichii,138,172,567,305
Thalassia-255-_jpg.rf.197b33c191c030f696acf4e1bee84ab2.jpg,640,480,Thalassia Hemprichii,132,150,534,319
Enhalus-Acoraides-219_jpg.rf.b157be7b8dfe9327a44c1c291f60fb5e.jpg,640,480,Enhalus Acoraides,13,180,640,331
Simodo-Sore-166-_jpg.rf.5902750e28aea97af0fea233e86af6c1.jpg,640,480,Cymodocea Rotundata,96,107,612,297
Simodo-Sore-3-_jpg.rf.c7eff104d5d9fbb14f998d3b9eaeb506.jpg,640,480,Cymodocea Rotundata,149,129,513,337
Enhalus-Acoraides-176_jpg.rf.1899626e428169d54d9eb6454de05c86.jpg,640,480,Enhalus Acoraides,204,99,489,403
Enhalus-Acoraides-223_jpg.rf.d8a2ba71636a55e298a379f4893564ce.jpg,640,480,Enhalus Acoraides,40,182,640,321
Thalassia-271-_jpg.rf.7feb7bdac0d8ef87b7b5f5515d00ed08.jpg,640,480,Thalassia Hemprichii,191,150,533,366
Simodo-17-_jpg.rf.ededccf8645c3e4debfde1031517decc.jpg,640,480,Cymodocea Rotundata,132,152,551,421
Simodo-Sore-231-_jpg.rf.acce9ecfcb211fe19b7ee9f8f75ed573.jpg,640,480,Cymodocea Rotundata,81,137,477,379
Thalassia-302-_jpg.rf.375c20d109b3c9d43bbb1ea57f03ce90.jpg,640,480,Thalassia Hemprichii,149,140,421,430
Thalassia-117-_jpg.rf.d0d9e44dc0ab5976309900bb2bf09049.jpg,640,480,Thalassia Hemprichii,230,220,640,297
Enhalus-Acoraides-276_jpg.rf.af78d6430878c783ab2d95295a73b556.jpg,640,480,Enhalus Acoraides,132,47,518,405
Enhalus-Acoraides-16_jpg.rf.db9d96ac0b7ad7c0a903f8fbf0ed7de7.jpg,640,480,Enhalus Acoraides,153,104,577,347
Thalassia-399-_jpg.rf.5de30662e6f523abea09ed6e4c90948f.jpg,640,480,Thalassia Hemprichii,59,162,466,348
SIMODO-SORE-80-_jpg.rf.5588ea757c2c7403a72d6572c13d8516.jpg,640,480,Cymodocea Rotundata,134,97,567,378
Simodo-Sore-193-_jpg.rf.a07506ab4a8a974ca938f1bd92f05524.jpg,640,480,Cymodocea Rotundata,125,68,497,345
Thalassia-119-_jpg.rf.7655682361df93782763a466bb68ec33.jpg,640,480,Thalassia Hemprichii,163,207,617,326
Thalassia-420-_jpg.rf.003da079de44236a30c29c49d775fce5.jpg,640,480,Thalassia Hemprichii,147,180,589,277
Thalassia-7-_jpg.rf.e47c19bfaa0068eb50b737e0ba0a2ef2.jpg,640,480,Thalassia Hemprichii,147,150,418,398
Enhalus-Acoraides-2_jpg.rf.46371bba74fc8dcd45a44d721adc2583.jpg,640,480,Enhalus Acoraides,68,51,524,425
Simodo-Sore-95-_jpg.rf.41fd00ac6b2d1efe63e5fac8eba38e4d.jpg,640,480,Cymodocea Rotundata,106,147,567,380
Enhalus-Acoraides-191_jpg.rf.b3292ee2ea22367ae661f516d97d359a.jpg,640,480,Enhalus Acoraides,62,142,640,324
Simodo-Sore-23-_jpg.rf.33dfa486deff09280206464680acfc06.jpg,640,480,Cymodocea Rotundata,117,176,500,390
Enhalus-Acoraides-205_jpg.rf.eeb504ec7f290fd74f765f7767210c2e.jpg,640,480,Enhalus Acoraides,185,47,474,459
Thalassia-375-_jpg.rf.08da02bf5d49ea15d68bbe3e4d544f77.jpg,640,480,Thalassia Hemprichii,205,101,487,426
Simodo-Sore-12-_jpg.rf.59843ca31cd8f33efd1d219d9fd9660a.jpg,640,480,Cymodocea Rotundata,64,170,450,367
Thalassia-12-_jpg.rf.5c2e8b374e84090376df516cd244d5a6.jpg,640,480,Thalassia Hemprichii,251,146,484,401
Enhalus-Acoraides-105_jpg.rf.e2c01365d9c2451d4c459b3eeeffa6f6.jpg,640,480,Enhalus Acoraides,11,117,572,384
Thalassia-307-_jpg.rf.179a5db7b1688849f8e9e0f6e821f0aa.jpg,640,480,Thalassia Hemprichii,200,125,413,383
Thalassia-453-_jpg.rf.5cbe1f806300ddc8017bcb38254d7882.jpg,640,480,Thalassia Hemprichii,183,158,413,418
Simodo-15-_jpg.rf.a7f1f8411be832887f4d36698c693ad0.jpg,640,480,Cymodocea Rotundata,90,134,640,321
Thalassia-526-_jpg.rf.871ff14905a996ea632a509ae4ec6e3a.jpg,640,480,Thalassia Hemprichii,250,80,398,357
Enhalus-Acoraides-286_jpg.rf.ce3dea5a9d7ed44e719b834880695672.jpg,640,480,Enhalus Acoraides,123,84,489,424
Simodo-Sore-103-_jpg.rf.98a21de591932a3112a9895cb20db797.jpg,640,480,Cymodocea Rotundata,113,181,611,298
Enhalus-Acoraides-123_jpg.rf.64aad5411a38403446480989ba7cc1f1.jpg,640,480,Enhalus Acoraides,51,42,524,378
Simodo-Sore-258-_jpg.rf.17de58f3817a08dac8c98bd1384bd2c3.jpg,640,480,Cymodocea Rotundata,136,140,512,396
Simodo-Sore-206-_jpg.rf.8a9f879ba1d9eea7343f18056b8ff52a.jpg,640,480,Cymodocea Rotundata,168,166,595,356
Thalassia-508-_jpg.rf.c20266144d625a1a662f6a060238baeb.jpg,640,480,Thalassia Hemprichii,288,102,522,333
Enhalus-Acoraides-283_jpg.rf.d95b8c69c74b5a2fed72af14db24d09f.jpg,640,480,Enhalus Acoraides,166,67,474,428
Thalassia-69-_jpg.rf.c9c0f3be1fbe3944ca1e2c224575bed2.jpg,640,480,Thalassia Hemprichii,149,184,541,304
Thalassia-167-_jpg.rf.ec8e255afdec52e069071e22e5661a5f.jpg,640,480,Thalassia Hemprichii,154,217,556,277
Thalassia-303-_jpg.rf.68fdc45a3a9ac2ce26ec186141aaaae1.jpg,640,480,Thalassia Hemprichii,176,133,394,432
Thalassia-121-_jpg.rf.789a2b86c0e270827f417668952f9fcc.jpg,640,480,Thalassia Hemprichii,228,221,611,356
Simodo-Sore-5-_jpg.rf.2afc31426b1d5b9e52b16691fcce38b0.jpg,640,480,Cymodocea Rotundata,115,157,497,368
Thalassia-326-_jpg.rf.ae054c58060276b03614b38100a8b186.jpg,640,480,Thalassia Hemprichii,170,135,526,295
Simodo-Sore-211-_jpg.rf.1c276aa9c315306991258ef6db24980b.jpg,640,480,Cymodocea Rotundata,148,76,504,415
Thalassia-27-_jpg.rf.04ad00f150668e108f2b54e8f3979822.jpg,640,480,Thalassia Hemprichii,206,121,458,411
Enhalus-Acoraides-119_jpg.rf.53faeabe841b19ec87fb3c33442ca584.jpg,640,480,Enhalus Acoraides,148,42,570,368
Thalassia-527-_jpg.rf.31777f409eb4194f244ad8a23a6402fe.jpg,640,480,Thalassia Hemprichii,262,106,404,398
Thalassia-15-_jpg.rf.624906fd20ed30e547c7a6192aad527f.jpg,640,480,Thalassia Hemprichii,92,181,530,361
Simodo-Sore-275-_jpg.rf.2779fe35d7473ade203282de245aba34.jpg,640,480,Cymodocea Rotundata,155,122,575,392
Simodo-Sore-131-_jpg.rf.67fbaff9149a79c73133e718c4bd5c93.jpg,640,480,Cymodocea Rotundata,217,109,447,417
Thalassia-124-_jpg.rf.a80c560bd5fa0cbdf141b411382a8601.jpg,640,480,Thalassia Hemprichii,228,159,546,395
Thalassia-402-_jpg.rf.83681ee3b023ffa9d55b19772cd7ee79.jpg,640,480,Thalassia Hemprichii,50,146,472,273
Thalassia-18-_jpg.rf.7a78ae01fad96bb4129cf641f65850ba.jpg,640,480,Thalassia Hemprichii,81,192,563,334
Enhalus-Acoraides-161_jpg.rf.a9f36f40f4ab2068c553761c93268bcf.jpg,640,480,Enhalus Acoraides,45,147,587,386
Thalassia-440-_jpg.rf.8f9777c4bbdf9213f979dfef7e7df743.jpg,640,480,Thalassia Hemprichii,123,221,589,340
Thalassia-266-_jpg.rf.57d7f7c916bfa9a4ba5417a2bb984729.jpg,640,480,Thalassia Hemprichii,168,207,572,307
Enhalus-Acoraides-218_jpg.rf.bcd7c09cae2a214b593bfd3c3af1cb69.jpg,640,480,Enhalus Acoraides,22,144,599,319
Simodo-Sore-151-_jpg.rf.b2a6ad90ed5b4213394a376a7875b088.jpg,640,480,Cymodocea Rotundata,96,164,606,306
Simodo-Sore-128-_jpg.rf.cb99868eb0e4a70ccabe16ddfb6ed5c7.jpg,640,480,Cymodocea Rotundata,199,142,477,419
Enhalus-Acoraides-7_jpg.rf.417b5272a892f144735f5bc7b9136b5f.jpg,640,480,Enhalus Acoraides,32,147,587,359
Thalassia-214-_jpg.rf.4b97758b769ba2ec80f756fa3968cf79.jpg,640,480,Thalassia Hemprichii,159,191,501,332
Thalassia-179-_jpg.rf.8ad62c4ed46fcec89baa44515daadb37.jpg,640,480,Thalassia Hemprichii,199,141,472,424
Simodo-Sore-4-_jpg.rf.96d1288e37b8fd96d81323a8ce88d3e0.jpg,640,480,Cymodocea Rotundata,157,145,516,354
Enhalus-Acoraides-71_jpg.rf.d1fb522648098c896ba634501d8dc7a3.jpg,640,480,Enhalus Acoraides,64,199,640,321
Enhalus-Acoraides-129_jpg.rf.ce0756f9f6b7ca5bb1bd22ad48fd356b.jpg,640,480,Enhalus Acoraides,68,112,640,375
Thalassia-403-_jpg.rf.69c3e2a4675e92130d4f53ec49533098.jpg,640,480,Thalassia Hemprichii,52,126,457,275
Enhalus-Acoraides-182_jpg.rf.4bb3fd62435cd83308da80f1251b8d5d.jpg,640,480,Enhalus Acoraides,102,99,589,356
Simodo-10-_jpg.rf.688b639e6fa722ba418029055be26a9b.jpg,640,480,Cymodocea Rotundata,170,78,424,338
Enhalus-Acoraides-113_jpg.rf.8357a39f7c3109aaff4978debf4cbf5e.jpg,640,480,Enhalus Acoraides,13,119,577,368
Simodo-Sore-20-_jpg.rf.708e8ff46bda6cf5a4c757e259d4589e.jpg,640,480,Cymodocea Rotundata,124,143,474,373
Enhalus-Acoraides-175_jpg.rf.eb6d38270e1b639e07f5c163ad49afcc.jpg,640,480,Enhalus Acoraides,183,111,479,389
Enhalus-Acoraides-178_jpg.rf.8a1afff48924ffd1a81a7e4d4341466b.jpg,640,480,Enhalus Acoraides,198,84,425,403
Enhalus-Acoraides-34_jpg.rf.a3aeb102448d0289b1d5657ff3f014a3.jpg,640,480,Enhalus Acoraides,123,135,528,473
Enhalus-Acoraides-11_jpg.rf.63664b001f929dbd2578554f4184a19e.jpg,640,480,Enhalus Acoraides,174,90,544,377
Simodo-Sore-210-_jpg.rf.9f0b5cdbcced35290fa26cc6544c5f20.jpg,640,480,Cymodocea Rotundata,208,111,509,415
Thalassia-50-_jpg.rf.6644963e3de58d998cfe5e29ff84fbad.jpg,640,480,Thalassia Hemprichii,276,145,477,387
Thalassia-401-_jpg.rf.f5e8b0957221bef09cff0b8b3d4b6448.jpg,640,480,Thalassia Hemprichii,42,152,452,284
Thalassia-180-_jpg.rf.f701d8ce4be08235d1d33ef6cc0a704e.jpg,640,480,Thalassia Hemprichii,216,132,521,445
Enhalus-Acoraides-29_jpg.rf.4dde4e2f851f916fa50304b846a3cb21.jpg,640,480,Enhalus Acoraides,39,149,599,397
Enhalus-Acoraides-139_jpg.rf.ff955245f6207c3c7451d26a3125f6b0.jpg,640,480,Enhalus Acoraides,40,94,640,331
Simodo-Sore-94-_jpg.rf.7261486fd2335dc11bd1482962b7d788.jpg,640,480,Cymodocea Rotundata,89,164,553,377
Enhalus-Acoraides-97_jpg.rf.d7072c93322dad38fb0e7f3656c36d28.jpg,640,480,Enhalus Acoraides,89,94,558,425
Simodo-Sore-249-_jpg.rf.df6c87a153c3a93dbc8617826c7a61ce.jpg,640,480,Cymodocea Rotundata,191,152,560,360
Thalassia-215-_jpg.rf.643051268ad96a296c4fe94e5c5a5c74.jpg,640,480,Thalassia Hemprichii,181,174,474,320
Enhalus-Acoraides-54_jpg.rf.f3e367b090687ffc233207b4f930e3dc.jpg,640,480,Enhalus Acoraides,98,71,541,420
SIMODO-SORE-71-_jpg.rf.a881f4662f9f1fe7b4b5d49b2ab62a72.jpg,640,480,Cymodocea Rotundata,102,158,595,354
Simodo-Sore-59-_jpg.rf.aa80410de26c080d7f5922226e64abb4.jpg,640,480,Cymodocea Rotundata,208,141,551,393
Enhalus-Acoraides-197_jpg.rf.6de2b02bb4aacd8267ce5fbc277c3ef2.jpg,640,480,Enhalus Acoraides,162,125,523,434
Thalassia-182-_jpg.rf.7df407758d0d87b449e49dce182d309d.jpg,640,480,Thalassia Hemprichii,166,154,562,373
Simodo-Sore-112-_jpg.rf.235a46bbf6d2656001d00d299f36bc49.jpg,640,480,Cymodocea Rotundata,191,128,456,454
Thalassia-128-_jpg.rf.2434e6052f66a64fe94d31b3671e8046.jpg,640,480,Thalassia Hemprichii,269,118,473,441
SIMODO-SORE-64-_jpg.rf.04a1cb0fa8057e0d47d2c328c75ac23a.jpg,640,480,Cymodocea Rotundata,166,142,524,391
Enhalus-Acoraides-285_jpg.rf.d376589df79d49cc160e3b91ba6ec7d0.jpg,640,480,Enhalus Acoraides,157,104,575,389
Thalassia-136-_jpg.rf.306bda00054ca01d9a56f9570f289dd8.jpg,640,480,Thalassia Hemprichii,136,195,470,371
Enhalus-Acoraides-99_jpg.rf.66ca0e0591c4314be3d5b6e481daf2f5.jpg,640,480,Enhalus Acoraides,37,117,589,404
Thalassia-384-_jpg.rf.6f37e4703c195a3afc4b289fdd383da0.jpg,640,480,Thalassia Hemprichii,118,171,479,303
Thalassia-437-_jpg.rf.e8f10c86ea060aa5d27a8c7e901ef7f9.jpg,640,480,Thalassia Hemprichii,132,225,541,347
Simodo-Sore-7-_jpg.rf.cb2756c498bd4f21ced5ac079914574b.jpg,640,480,Cymodocea Rotundata,92,189,474,384
Simodo-Sore-55-_jpg.rf.ab279242540848190732bf2badb3955e.jpg,640,480,Cymodocea Rotundata,202,153,584,392
Simodo-Sore-11-_jpg.rf.16b9f5036ccd71143157c6f28509f6e8.jpg,640,480,Cymodocea Rotundata,58,175,448,369
Simodo-Sore-201-_jpg.rf.aca394defe5e09c2a334d1f35a7383e2.jpg,640,480,Cymodocea Rotundata,75,137,621,267
Enhalus-Acoraides-85_jpg.rf.a1385fd324e7ea93367e599223cdc5cd.jpg,640,480,Enhalus Acoraides,149,84,499,411
Simodo-Sore-25-_jpg.rf.629c64de52d68b17cc0e8e0d49ca5649.jpg,640,480,Cymodocea Rotundata,90,105,535,354
Thalassia-474-_jpg.rf.da036612d83454e1491ec5fa3586ccfa.jpg,640,480,Thalassia Hemprichii,161,128,480,392
Simodo-Sore-107-_jpg.rf.0f74426cf62cc1126a1673ebef83d4fc.jpg,640,480,Cymodocea Rotundata,144,154,550,349
Enhalus-Acoraides-106_jpg.rf.7805e4e23ba6dea972bd61dfe85469c4.jpg,640,480,Enhalus Acoraides,7,128,560,382
Thalassia-181-_jpg.rf.48ca4e73fe2d91a097ac643c0d0d00f6.jpg,640,480,Thalassia Hemprichii,208,129,499,381
Thalassia-473-_jpg.rf.c8120c675cc8074d602827a6f9a2726f.jpg,640,480,Thalassia Hemprichii,180,118,484,403
Enhalus-Acoraides-68_jpg.rf.a38e47e473cf005623f62cc2fc903ac1.jpg,640,480,Enhalus Acoraides,64,128,626,315
Thalassia-498-_jpg.rf.490ee160de1a260b73ae12284b2de360.jpg,640,480,Thalassia Hemprichii,112,80,415,261
Thalassia-404-_jpg.rf.d30417b3caf3533f3600b1ef07176c18.jpg,640,480,Thalassia Hemprichii,124,124,491,253
Thalassia-472-_jpg.rf.90ce8a22448b7976d5bff5cfac1be5b8.jpg,640,480,Thalassia Hemprichii,172,133,453,396
Enhalus-Acoraides-66_jpg.rf.f9ea46611dd741239543f8bd553113e5.jpg,640,480,Enhalus Acoraides,90,87,574,385
Thalassia-126-_jpg.rf.6e46711b455118f9a83a09b81b4842b1.jpg,640,480,Thalassia Hemprichii,268,135,510,409
Thalassia-465-_jpg.rf.5a600e0e0c31ebddbee313c4aca3aaa4.jpg,640,480,Thalassia Hemprichii,115,147,560,295
Simodo-Sore-43-_jpg.rf.8780234eaee68af9c924a3133c64aa1b.jpg,640,480,Cymodocea Rotundata,85,109,572,378
SIMODO-SORE-75-_jpg.rf.d876a7eae81c32e703fb58bda445fde3.jpg,640,480,Cymodocea Rotundata,119,109,487,377
Enhalus-Acoraides-6_jpg.rf.0baed086d7e5cb0a371182c560b5fc75.jpg,640,480,Enhalus Acoraides,9,123,612,360
Thalassia-129-_jpg.rf.160d4097417ea10ce0663a4af1f86ad3.jpg,640,480,Thalassia Hemprichii,213,118,473,384
Thalassia-387-_jpg.rf.2e7a2255a207bfcb5d3fcb425b9d1b0b.jpg,640,480,Thalassia Hemprichii,105,157,441,365
Simodo-Sore-226-_jpg.rf.f56bc9514b5980f1b0de65b13cb40763.jpg,640,480,Cymodocea Rotundata,47,204,519,372
Enhalus-Acoraides-13_jpg.rf.bde547efd5f2878a9ad2586e2dde5463.jpg,640,480,Enhalus Acoraides,219,59,552,391
Enhalus-Acoraides-128_jpg.rf.635831cf8ed97617c53fd9ecff5aeab5.jpg,640,480,Enhalus Acoraides,106,82,609,389
Enhalus-Acoraides-25_jpg.rf.81788a51c89316554a931cf23802059f.jpg,640,480,Enhalus Acoraides,115,103,546,459
Thalassia-288-_jpg.rf.3976ec799a5135b3b7a53a1127937e14.jpg,640,480,Thalassia Hemprichii,58,204,599,365
Enhalus-Acoraides-278_jpg.rf.0bc239472fe837aecc0741572062152e.jpg,640,480,Enhalus Acoraides,189,62,455,421
Thalassia-475-_jpg.rf.445bab3aa0d47d4568ecc0a1343e1949.jpg,640,480,Thalassia Hemprichii,157,141,499,382
Enhalus-Acoraides-149_jpg.rf.d6f85760338676010a1ecad36b41a4aa.jpg,640,480,Enhalus Acoraides,75,103,599,460
Thalassia-131-_jpg.rf.09265e2cafe5754fd431acfc8887a546.jpg,640,480,Thalassia Hemprichii,212,132,420,393
Enhalus-Acoraides-95_jpg.rf.d8ce49436bfe8fe5ffb056012858737d.jpg,640,480,Enhalus Acoraides,166,53,448,433
Simodo-Sore-14-_jpg.rf.c7e2238f8a30c81163fe5b3657fc5c8d.jpg,640,480,Cymodocea Rotundata,81,154,439,364
Enhalus-Acoraides-125_jpg.rf.d43938d9b39bc48a991abc6b11f40d96.jpg,640,480,Enhalus Acoraides,72,41,558,399
Simodo-Sore-241-_jpg.rf.b36fade4b74ab653d45beb2f35a4aca6.jpg,640,480,Cymodocea Rotundata,172,205,583,394
Enhalus-Acoraides-289_jpg.rf.d5239328c5ef00a2404f07a136d711e4.jpg,640,480,Enhalus Acoraides,77,118,562,407
Enhalus-Acoraides-73_jpg.rf.c61b61327037ef698395431c33feb880.jpg,640,480,Enhalus Acoraides,78,200,640,316
Enhalus-Acoraides-168_jpg.rf.03166a98905dda29af55aa8190a7237b.jpg,640,480,Enhalus Acoraides,58,146,611,333
Thalassia-385-_jpg.rf.89c8c6db91f6768d0718aa6f31facb8d.jpg,640,480,Thalassia Hemprichii,110,159,494,309
Enhalus-Acoraides-273_jpg.rf.88026d78b851c1c307013801c6b730d3.jpg,640,480,Enhalus Acoraides,176,83,567,354
Simodo-Sore-38-_jpg.rf.7f93123b7339130b92731d5b1ca5c5aa.jpg,640,480,Cymodocea Rotundata,191,98,585,356
Enhalus-Acoraides-185_jpg.rf.3d403c59a0c9f2cb194830022f67acb0.jpg,640,480,Enhalus Acoraides,74,144,640,349
Thalassia-439-_jpg.rf.cc0c1d4e3a6b6bb7bd898eeea0fca89a.jpg,640,480,Thalassia Hemprichii,126,266,562,366
Enhalus-Acoraides-196_jpg.rf.74cec1a0c92521a343e7126775067c8f.jpg,640,480,Enhalus Acoraides,142,124,543,426
Enhalus-Acoraides-146_jpg.rf.2b8ff6e7c59a3a96182ba3f7ee85789b.jpg,640,480,Enhalus Acoraides,83,112,600,419
Enhalus-Acoraides-208_jpg.rf.c883284e8d34700c78a65d781b0d7179.jpg,640,480,Enhalus Acoraides,149,37,514,434
Thalassia-443-_jpg.rf.e80b45545a33e293982809bdaabc96d6.jpg,640,480,Thalassia Hemprichii,136,200,468,404
Enhalus-Acoraides-19_jpg.rf.73dad7bff2ddd11219ec58ae4b2fce53.jpg,640,480,Enhalus Acoraides,193,97,506,397
Simodo-Sore-97-_jpg.rf.1772f845cc670cabdc77d49d664a0be9.jpg,640,480,Cymodocea Rotundata,117,190,622,370
Thalassia-476-_jpg.rf.22299363db0d28b9740af808ee4b2110.jpg,640,480,Thalassia Hemprichii,142,160,548,384
Simodo-Sore-218-_jpg.rf.157b981a92d4216c93a586542739982e.jpg,640,480,Cymodocea Rotundata,62,142,521,422
Thalassia-400-_jpg.rf.8a59281148c4613a7c8be8ff43731b3b.jpg,640,480,Thalassia Hemprichii,28,148,463,269
Thalassia-389-_jpg.rf.43ee19dbfbe58052f25b0190922d94aa.jpg,640,480,Thalassia Hemprichii,203,73,352,447
Simodo-Sore-235-_jpg.rf.0cf909e6015cdec7c53e53c1f3c3b9ef.jpg,640,480,Cymodocea Rotundata,88,121,518,376
Thalassia-406-_jpg.rf.4c2d1af8e1b4eb588660de5bbbcb18e2.jpg,640,480,Thalassia Hemprichii,146,105,350,390
Enhalus-Acoraides-8_jpg.rf.e5da456467b42f1b051b40501796fa9b.jpg,640,480,Enhalus Acoraides,35,134,567,357
Enhalus-Acoraides-37_jpg.rf.dca1a92a85b43a87b3390b514aa3c5b7.jpg,640,480,Enhalus Acoraides,47,237,592,364
Thalassia-48-_jpg.rf.aa2e5ee18f179f9b0467f6b2be7efef6.jpg,640,480,Thalassia Hemprichii,267,148,496,404
Thalassia-446-_jpg.rf.9e356ef6ddf628bb23b2b45d12d3b564.jpg,640,480,Thalassia Hemprichii,174,155,399,394
Thalassia-408-_jpg.rf.259c576cd49bec18bfc5c33cac62c5b9.jpg,640,480,Thalassia Hemprichii,217,90,376,376
Thalassia-407-_jpg.rf.8baa53d0217a9d7169ce1a771909f567.jpg,640,480,Thalassia Hemprichii,168,94,367,373
Enhalus-Acoraides-228_jpg.rf.c82f0e14fc8f4a786b5e0aeaa0abf553.jpg,640,480,Enhalus Acoraides,176,38,551,422
Thalassia-480-_jpg.rf.7a880bdf575c9f0e57f53223648ff15f.jpg,640,480,Thalassia Hemprichii,205,185,489,295
Simodo-Sore-242-_jpg.rf.a7effbc2a3e838677f57ef1a1215833a.jpg,640,480,Cymodocea Rotundata,130,168,555,375
Enhalus-Acoraides-199_jpg.rf.d6af12ab70b76d64c519a788df108986.jpg,640,480,Enhalus Acoraides,94,128,418,473
Enhalus-Acoraides-28_jpg.rf.1355362231b0735b0657bc008f5967b3.jpg,640,480,Enhalus Acoraides,41,133,611,381
Simodo-Sore-16-_jpg.rf.bfa35d4f4717593853239e1e87ca7ef1.jpg,640,480,Cymodocea Rotundata,96,119,487,329
Thalassia-479-_jpg.rf.9d15c6634bbd8488057281210eade3c8.jpg,640,480,Thalassia Hemprichii,138,191,582,365
Enhalus-Acoraides-282_jpg.rf.9846da3b1edeb8aaad4cb6a66756b57f.jpg,640,480,Enhalus Acoraides,191,80,424,425
Thalassia-414-_jpg.rf.abe6d52cad3153678b3c21a72194ddf4.jpg,640,480,Thalassia Hemprichii,166,161,523,312
Thalassia-551-_jpg.rf.81fc6d1d6bb84603552e0beb1843a96c.jpg,640,480,Thalassia Hemprichii,162,167,302,480
Thalassia-41-_jpg.rf.3a334c58676063c442e93a004b527d05.jpg,640,480,Thalassia Hemprichii,138,154,583,292
Simodo-Sore-269-_jpg.rf.4cf4c3c37baf3475c0d3e2b53183b61c.jpg,640,480,Cymodocea Rotundata,53,122,538,383
Thalassia-411-_jpg.rf.ce1f3c5549fd87b483b08dc2ee38b391.jpg,640,480,Thalassia Hemprichii,115,125,460,343
Thalassia-445-_jpg.rf.4c622a34652c2f341ee4c7a30d4adb56.jpg,640,480,Thalassia Hemprichii,174,167,426,402
Enhalus-Acoraides-170_jpg.rf.cb3e54f4c8fb25c8a3e6c09aafb6ebc3.jpg,640,480,Enhalus Acoraides,87,133,565,353
Simodo-Sore-91-_jpg.rf.0331c646fd202992b57e7914ca058d35.jpg,640,480,Cymodocea Rotundata,149,108,492,386
Enhalus-Acoraides-98_jpg.rf.997c6ff33059f234b650152c4fe96a3a.jpg,640,480,Enhalus Acoraides,165,114,587,447
Enhalus-Acoraides-145_jpg.rf.444c80b6ab9e609c927ae32d1ed92e56.jpg,640,480,Enhalus Acoraides,79,93,599,394
Thalassia-410-_jpg.rf.522b76a476e2483cef02be69b490f27c.jpg,640,480,Thalassia Hemprichii,210,81,407,363
Thalassia-45-_jpg.rf.4087c9fcb31d3a71827d8211f6605b53.jpg,640,480,Thalassia Hemprichii,274,151,497,386
Enhalus-Acoraides-222_jpg.rf.f2a98ba2d46ac33ec2c8a59b5fbeb9bb.jpg,640,480,Enhalus Acoraides,13,177,640,337
Thalassia-412-_jpg.rf.d297a0062b1442e799ca8dd73ee71cc3.jpg,640,480,Thalassia Hemprichii,166,140,489,321
Thalassia-416-_jpg.rf.b0cf5925abcfec2fad60d04247e1b9eb.jpg,640,480,Thalassia Hemprichii,155,179,558,292
Thalassia-413-_jpg.rf.35207d7248ba0a1ae9996b06dd3cff18.jpg,640,480,Thalassia Hemprichii,147,154,489,294
Thalassia-415-_jpg.rf.866a1a7c8fe263a501e1b99a7880693a.jpg,640,480,Thalassia Hemprichii,151,165,521,295
Simodo-Sore-250-_jpg.rf.615851b37c7526f92c4b450042d5d18a.jpg,640,480,Cymodocea Rotundata,193,140,567,333
Simodo-Sore-204-_jpg.rf.4734c159cfbb47babd8da5a164e253c3.jpg,640,480,Cymodocea Rotundata,157,151,622,327
Enhalus-Acoraides-36_jpg.rf.83151b59ae9f578aca923d520bdd276d.jpg,640,480,Enhalus Acoraides,66,223,572,376
Enhalus-Acoraides-20_jpg.rf.c4ba101273234cdf7f8221228f2a392a.jpg,640,480,Enhalus Acoraides,153,84,494,418
Simodo-Sore-219-_jpg.rf.6d5ea6f16ab72ddca94a81a899e508a8.jpg,640,480,Cymodocea Rotundata,77,143,567,392
Simodo-Sore-202-_jpg.rf.9bd1b563ceb64e42e06a225c3ab8afdb.jpg,640,480,Cymodocea Rotundata,132,155,609,310
Thalassia-417-_jpg.rf.b519b30cab2211cdf5872b112e94d8d7.jpg,640,480,Thalassia Hemprichii,106,156,519,277
Simodo-Sore-50-_jpg.rf.cf19e2ccdbfd6ddd42a51e36dae1c01c.jpg,640,480,Cymodocea Rotundata,119,167,587,364
Thalassia-418-_jpg.rf.410669ce2dd9caa81ccf0ed47cd25727.jpg,640,480,Thalassia Hemprichii,159,161,577,279
Thalassia-257-_jpg.rf.6b9e947a27ab9f6e04a658556130ec46.jpg,640,480,Thalassia Hemprichii,149,166,535,293
Enhalus-Acoraides-53_jpg.rf.9a94ee772be6093da8f23f2ba3e9f10d.jpg,640,480,Enhalus Acoraides,115,59,509,408
Thalassia-555-_jpg.rf.fc961899fc5d8db0de69368bbfbb3c7f.jpg,640,480,Thalassia Hemprichii,0,157,345,336
Thalassia-120-_jpg.rf.79edb830cef18193bab688ad6b395072.jpg,640,480,Thalassia Hemprichii,224,224,614,343
Simodo-Sore-139-_jpg.rf.28d7dc3558ed050d2ad346b8a2da0267.jpg,640,480,Cymodocea Rotundata,138,125,589,423
Thalassia-489-_jpg.rf.38f592e2c5f0eb65b4c029d8379ab1d8.jpg,640,480,Thalassia Hemprichii,244,115,351,413
Thalassia-254-_jpg.rf.177020ad8841c7b5f7b3feb169e85013.jpg,640,480,Thalassia Hemprichii,113,142,499,299
Thalassia-422-_jpg.rf.9d7bec9cd6c6df5a780da54dc115b7f2.jpg,640,480,Thalassia Hemprichii,140,101,573,318
Enhalus-Acoraides-141_jpg.rf.fd3c77fe96693c8a84aae7ef9bc65bc4.jpg,640,480,Enhalus Acoraides,55,109,640,348
Thalassia-514-_jpg.rf.4dbefa310339dd9ec6324eaaa36be829.jpg,640,480,Thalassia Hemprichii,213,175,536,313
Enhalus-Acoraides-64_jpg.rf.902f01216e21ecbfad9202911dab4765.jpg,640,480,Enhalus Acoraides,159,111,582,453
Thalassia-344-_jpg.rf.fd47b509d6e9862a6a4399316c1267f0.jpg,640,480,Thalassia Hemprichii,134,191,536,344
Thalassia-509-_jpg.rf.92562ca4cd49587ce5188088aec1c177.jpg,640,480,Thalassia Hemprichii,246,147,511,352
Thalassia-325-_jpg.rf.d3c4afb2f0f56077d3de10ea2840b1a8.jpg,640,480,Thalassia Hemprichii,130,140,523,297
Thalassia-305-_jpg.rf.35e95e70a0a01df942c45f541b0e4451.jpg,640,480,Thalassia Hemprichii,191,133,401,434
Enhalus-Acoraides-140_jpg.rf.76b16a8245b64449e162ab6baef6054b.jpg,640,480,Enhalus Acoraides,53,93,640,377
Thalassia-246-_jpg.rf.f792852a6eab27e9ac538eed3f59aaca.jpg,640,480,Thalassia Hemprichii,242,142,455,383
Simodo-Sore-220-_jpg.rf.57c2c973e574b03659ad0b22f29f00e0.jpg,640,480,Cymodocea Rotundata,60,161,578,366
Thalassia-518-_jpg.rf.0b30921de69d9cd4c485b1f481718693.jpg,640,480,Thalassia Hemprichii,240,118,497,364
Simodo-Sore-49-_jpg.rf.ea03d576bee00c40e95b0a71913318d4.jpg,640,480,Cymodocea Rotundata,90,159,545,390
Enhalus-Acoraides-133_jpg.rf.57989da2be6c49ea0084c43b2eb6f11d.jpg,640,480,Enhalus Acoraides,38,94,640,391
Simodo-Sore-127-_jpg.rf.8f5afb910e2994842491483ac32791f3.jpg,640,480,Cymodocea Rotundata,183,137,457,395
Thalassia-258-_jpg.rf.af5ecb33a8308b53419332a7bcdaf1ff.jpg,640,480,Thalassia Hemprichii,134,154,538,297
SIMODO-SORE-86-_jpg.rf.80af11d7e36b3a565c32e9b3bfaacdb2.jpg,640,480,Cymodocea Rotundata,202,94,387,404
Thalassia-169-_jpg.rf.7077f7e7d15a363507e8bfec78b608bf.jpg,640,480,Thalassia Hemprichii,169,173,548,297
Thalassia-17-_jpg.rf.e18ac116c65c4252ac140a9c742a00b5.jpg,640,480,Thalassia Hemprichii,98,198,541,329
Thalassia-419-_jpg.rf.2fd3fc1b4156442ac74d0a6a050c0547.jpg,640,480,Thalassia Hemprichii,113,159,595,260
SIMODO-SORE-73-_jpg.rf.ea4329b28c6d268e9cfcb6a1e47c1c41.jpg,640,480,Cymodocea Rotundata,106,123,514,364
Thalassia-259-_jpg.rf.8f5d7cee87298fab82c3252c810b4b13.jpg,640,480,Thalassia Hemprichii,149,179,550,296
Enhalus-Acoraides-173_jpg.rf.c15d7b3acf42d41a1fb45435a07138a2.jpg,640,480,Enhalus Acoraides,117,104,516,378
Enhalus-Acoraides-59_jpg.rf.9df5c33f422c140bf1cf16b2d85fb901.jpg,640,480,Enhalus Acoraides,189,96,446,458
Thalassia-515-_jpg.rf.b8e936df613f8e525ef3db13dc72177a.jpg,640,480,Thalassia Hemprichii,202,150,510,338
Simodo-Sore-176-_jpg.rf.7e3b4c06f7c327864f3ee02a5df59141.jpg,640,480,Cymodocea Rotundata,208,96,487,371
Thalassia-70-_jpg.rf.fdd75f1e4463b107e82f8d033e5cf19d.jpg,640,480,Thalassia Hemprichii,195,192,551,312
Thalassia-343-_jpg.rf.bbcfbfe5b05548a89a2411aea19a2fc6.jpg,640,480,Thalassia Hemprichii,140,207,529,344
Thalassia-249-_jpg.rf.0b8aca2b235e2773d5e96018f852aa26.jpg,640,480,Thalassia Hemprichii,216,132,465,385
Enhalus-Acoraides-67_jpg.rf.4d7d69d114d7a03165f80a253d5ec059.jpg,640,480,Enhalus Acoraides,47,96,602,373
Simodo-Sore-271-_jpg.rf.07b80e0ef8502c7c398b018da64ff687.jpg,640,480,Cymodocea Rotundata,138,116,553,387
Enhalus-Acoraides-76_jpg.rf.4fcdbf5a780a8279ea50bb9b2098feff.jpg,640,480,Enhalus Acoraides,98,148,621,372
Enhalus-Acoraides-142_jpg.rf.220e39d61a3a4365cd49c0eb7ad17044.jpg,640,480,Enhalus Acoraides,64,105,640,344
Thalassia-468-_jpg.rf.a9841344004dd29864618de5b900a436.jpg,640,480,Thalassia Hemprichii,172,125,519,328
Thalassia-424-_jpg.rf.49d28ab83223dd712f3ac6638057cf81.jpg,640,480,Thalassia Hemprichii,201,134,521,360
Thalassia-273-_jpg.rf.86db20c33172ad7e0764ad31a4604196.jpg,640,480,Thalassia Hemprichii,208,142,514,378
SIMODO-SORE-66-_jpg.rf.0fe80b113291afde61a86cbb08eab2b0.jpg,640,480,Cymodocea Rotundata,174,159,533,384
Thalassia-519-_jpg.rf.5536d3dc1bb9d402be743629bf55c167.jpg,640,480,Thalassia Hemprichii,240,111,447,440
Thalassia-346-_jpg.rf.91ee0f1343a9bda0ac3ed4ba49c993c5.jpg,640,480,Thalassia Hemprichii,119,179,490,346
Thalassia-342-_jpg.rf.302782d5bc840474d3fe35adcbbec555.jpg,640,480,Thalassia Hemprichii,136,204,549,352
Thalassia-171-_jpg.rf.c39628f61fbbf8b05f349d9528452a52.jpg,640,480,Thalassia Hemprichii,198,129,535,320
Simodo-Sore-186-_jpg.rf.fe238c09029e175fd131dac22105e979.jpg,640,480,Cymodocea Rotundata,174,50,392,389
Thalassia-42-_jpg.rf.f764aaa3f17932035cd2e49f334dc4c3.jpg,640,480,Thalassia Hemprichii,170,137,533,346
Thalassia-270-_jpg.rf.c03ebb849e54b81b66312398acd523a1.jpg,640,480,Thalassia Hemprichii,166,189,535,326
Thalassia-123-_jpg.rf.deb4f0c69bc81dea3dfc22fb6a38b977.jpg,640,480,Thalassia Hemprichii,260,219,569,394
Simodo-Sore-236-_jpg.rf.37963b719005f327ad73891fa4134bac.jpg,640,480,Cymodocea Rotundata,70,142,538,383
SIMODO-SORE-65-_jpg.rf.a4089f83d4640c75cb0acf4d4540f93b.jpg,640,480,Cymodocea Rotundata,155,137,528,388
Thalassia-347-_jpg.rf.dc7a9211b74a9e24ddba22d7b6be5b97.jpg,640,480,Thalassia Hemprichii,100,174,468,372
Enhalus-Acoraides-166_jpg.rf.cc142a74b713ee1fa88882ed2ef29b13.jpg,640,480,Enhalus Acoraides,26,199,600,324
Simodo-Sore-253-_jpg.rf.1ea231fe370f29aa7628dd949623518e.jpg,640,480,Cymodocea Rotundata,166,135,552,365
Simodo-Sore-248-_jpg.rf.d36eca0eb1c6ca64d87e1bbc795624d0.jpg,640,480,Cymodocea Rotundata,164,162,606,365
Thalassia-350-_jpg.rf.15995f62fbb3caef030a14cf1af643ea.jpg,640,480,Thalassia Hemprichii,149,166,421,412
Simodo-Sore-264-_jpg.rf.eddb7bbef009bf7c6ce50def82e9524c.jpg,640,480,Cymodocea Rotundata,110,104,543,342
Thalassia-53-_jpg.rf.26d529367ee76d6fd84ba19e66212f43.jpg,640,480,Thalassia Hemprichii,231,130,490,427
Thalassia-348-_jpg.rf.d7176d52475b363fa4ba20c26560505d.jpg,640,480,Thalassia Hemprichii,130,190,474,403
Thalassia-168-_jpg.rf.3619bfd91c8a719b48d7561f8c6fca24.jpg,640,480,Thalassia Hemprichii,116,176,553,277
Thalassia-40-_jpg.rf.e62a237533e35af9dd8714cbf0432f40.jpg,640,480,Thalassia Hemprichii,147,165,589,299
Thalassia-353-_jpg.rf.709e1d4c2eec32343e678a9bb1420d51.jpg,640,480,Thalassia Hemprichii,197,133,423,392
Simodo-Sore-228-_jpg.rf.4045c4e1c1ad7997a483012e601fb330.jpg,640,480,Cymodocea Rotundata,77,174,485,384
Thalassia-25-_jpg.rf.fdac450a458370c84b63b6e01e96f43d.jpg,640,480,Thalassia Hemprichii,170,173,521,413
Simodo-Sore-109-_jpg.rf.9a83e0d116550b36ab492bb0f99d1ac4.jpg,640,480,Cymodocea Rotundata,197,154,511,386
Enhalus-Acoraides-35_jpg.rf.0ba29f986ff9e017829a1a20ddb984a3.jpg,640,480,Enhalus Acoraides,81,139,570,428
Enhalus-Acoraides-263_jpg.rf.c5d7dc8b4e33ee1da9c7ac451a8e2446.jpg,640,480,Enhalus Acoraides,83,102,577,295
Enhalus-Acoraides-207_jpg.rf.17e8f412879b99971e9d4bb5cc35b985.jpg,640,480,Enhalus Acoraides,200,42,525,443
Thalassia-74-_jpg.rf.e6aca0fabef263b4094dc6353521793c.jpg,640,480,Thalassia Hemprichii,225,167,463,333
Thalassia-57-_jpg.rf.ff53a67fc94322666f77c63d5f0af67b.jpg,640,480,Thalassia Hemprichii,221,149,430,365
Thalassia-49-_jpg.rf.1d5fefbcdddb95e0ef8a46ae8fad971b.jpg,640,480,Thalassia Hemprichii,252,150,455,403
Thalassia-248-_jpg.rf.b5508c27829a84671f84a23e2f725f86.jpg,640,480,Thalassia Hemprichii,191,130,417,414
Thalassia-310-_jpg.rf.ef8dabd7abff795aea8796aa4990684b.jpg,640,480,Thalassia Hemprichii,225,143,418,384
Thalassia-529-_jpg.rf.b766df09d4c8f05bb2f59c9a4740f1b4.jpg,640,480,Thalassia Hemprichii,260,183,415,462
Enhalus-Acoraides-83_jpg.rf.fdb2f6866a007ad1d262c8812a5b424e.jpg,640,480,Enhalus Acoraides,72,123,582,393
Enhalus-Acoraides-42_jpg.rf.1eff4a4cbcb4117b713ed6bee659b200.jpg,640,480,Enhalus Acoraides,11,193,607,374
Thalassia-35-_jpg.rf.cceb05d30185bf2fa38d7cf524f6357d.jpg,640,480,Thalassia Hemprichii,110,176,543,308
Thalassia-272-_jpg.rf.28f9416535b89d807506f69ec04c3a72.jpg,640,480,Thalassia Hemprichii,214,131,551,375
Simodo-Sore-238-_jpg.rf.1d02e9b4fba0fe2d29769130ea48f4ed.jpg,640,480,Cymodocea Rotundata,121,141,538,388
Thalassia-530-_jpg.rf.74e97f0993707fb1f0db9f7ada68a8cc.jpg,640,480,Thalassia Hemprichii,221,158,415,411
Simodo-Sore-106-_jpg.rf.19187bd56a4038afcfd8309e00768806.jpg,640,480,Cymodocea Rotundata,121,154,577,332
Thalassia-152-_jpg.rf.71a69a131aaea1cec7268230531baeda.jpg,640,480,Thalassia Hemprichii,148,161,403,392
Thalassia-6-_jpg.rf.6d361826f6c2bd503ef99e9dae6011eb.jpg,640,480,Thalassia Hemprichii,132,216,589,371
Thalassia-349-_jpg.rf.aa7fd2d21afe41ec04e0c83bb36a7a6c.jpg,640,480,Thalassia Hemprichii,121,183,421,412
Simodo-Sore-33-_jpg.rf.30596034fd2e9f3b402037032b35d7f1.jpg,640,480,Cymodocea Rotundata,132,119,538,359
Enhalus-Acoraides-160_jpg.rf.1c9740c2de5c457cbe0b5b499ef236a9.jpg,640,480,Enhalus Acoraides,81,161,555,403
Simodo-Sore-37-_jpg.rf.56fa6483af85fe0e4437c4984fb44b12.jpg,640,480,Cymodocea Rotundata,208,94,590,360
Thalassia-532-_jpg.rf.a06e7144e37bea9ef1979163929f5ae2.jpg,640,480,Thalassia Hemprichii,240,197,481,378
Thalassia-56-_jpg.rf.ca0bfad48abe3dff5addf53c0a2a3279.jpg,640,480,Thalassia Hemprichii,214,139,402,366
Simodo-Sore-217-_jpg.rf.02245f87c50a655a006122d0a5e69d9b.jpg,640,480,Cymodocea Rotundata,182,124,553,433
Enhalus-Acoraides-272_jpg.rf.7ff5d888c115223dca0d34830fe3b1c7.jpg,640,480,Enhalus Acoraides,109,61,611,332
Simodo-Sore-278-_jpg.rf.f47add8795880ed6ce01c65942fb85e8.jpg,640,480,Cymodocea Rotundata,157,113,587,382
Thalassia-62-_jpg.rf.e1bca614857e599b35d2d69f517dea27.jpg,640,480,Thalassia Hemprichii,100,176,472,304
Thalassia-352-_jpg.rf.b30e5ab4869296372bf0ef6082a9c073.jpg,640,480,Thalassia Hemprichii,165,139,411,398
Thalassia-122-_jpg.rf.a3928a4adf552dc217580559753991a0.jpg,640,480,Thalassia Hemprichii,244,219,589,379
Simodo-9-_jpg.rf.3b8de3ccd32cc89faaeb906dd72e9986.jpg,640,480,Cymodocea Rotundata,136,141,558,352
Thalassia-355-_jpg.rf.80e688fa464cd1c289b107572e3f0479.jpg,640,480,Thalassia Hemprichii,193,113,424,388
Thalassia-470-_jpg.rf.52b66ab8fd24448a0e33d03fb5b9f958.jpg,640,480,Thalassia Hemprichii,229,93,470,335
Thalassia-309-_jpg.rf.f439f9eaf380a467152ac04431717ef6.jpg,640,480,Thalassia Hemprichii,234,136,425,373
Simodo-6-_jpg.rf.6fa812069808c0327164f70554738a8f.jpg,640,480,Cymodocea Rotundata,32,152,487,331
Thalassia-471-_jpg.rf.f2ea2266028775d4c06559b3dec6cd91.jpg,640,480,Thalassia Hemprichii,250,82,458,345
Enhalus-Acoraides-63_jpg.rf.16d3d2e9be7b0d3113e58798c78d3309.jpg,640,480,Enhalus Acoraides,121,105,562,473
Thalassia-142-_jpg.rf.76b93550222853a41b7b842621718f99.jpg,640,480,Thalassia Hemprichii,70,230,569,337
SIMODO-SORE-79-_jpg.rf.d6fd00f84977e65f4c706990652ad7be.jpg,640,480,Cymodocea Rotundata,125,85,519,371
Simodo-Sore-245-_jpg.rf.96fa5060776a480f1c3ac04025746836.jpg,640,480,Cymodocea Rotundata,182,157,609,377
Simodo-Sore-102-_jpg.rf.9d64484ef0954ec6c042b2f68a9c03cc.jpg,640,480,Cymodocea Rotundata,98,187,609,305
Enhalus-Acoraides-200_jpg.rf.5edb0079c8601c2cf3048b3fa4b743eb.jpg,640,480,Enhalus Acoraides,161,123,428,469
Thalassia-170-_jpg.rf.c4277145cc6b6df561d8d3a0e4538f8f.jpg,640,480,Thalassia Hemprichii,157,136,534,316
Enhalus-Acoraides-48_jpg.rf.bd30bc1200bd5a0313ddf7796a8194e6.jpg,640,480,Enhalus Acoraides,13,171,570,315
Thalassia-269-_jpg.rf.ddd22f3b4eb14184cb3a06f3971948f3.jpg,640,480,Thalassia Hemprichii,170,196,545,322
Thalassia-426-_jpg.rf.b7b0069aad4db2ac6973d718af29b092.jpg,640,480,Thalassia Hemprichii,233,147,507,390
Enhalus-Acoraides-194_jpg.rf.e0a2b0b5e427fbae517e4e3a10a32689.jpg,640,480,Enhalus Acoraides,110,118,640,375
Thalassia-20-_jpg.rf.d5852f1f526c893faa7d558b9ca55a15.jpg,640,480,Thalassia Hemprichii,92,192,574,314
Thalassia-58-_jpg.rf.760a47bffa9d4a0d6129322c9df0c8c1.jpg,640,480,Thalassia Hemprichii,202,142,428,365
Thalassia-75-_jpg.rf.11183c3c6d3c8ff4f122f99a4d5dd774.jpg,640,480,Thalassia Hemprichii,240,147,441,352
Thalassia-143-_jpg.rf.9351ddfcb90963a88752ad75acfa922b.jpg,640,480,Thalassia Hemprichii,84,231,591,343
Thalassia-520-_jpg.rf.f63b272c090dab8407f1cae803a0b821.jpg,640,480,Thalassia Hemprichii,275,73,390,373
Simodo-Sore-262-_jpg.rf.51c1b104a504be84bef8fea55438d5d3.jpg,640,480,Cymodocea Rotundata,143,163,491,387
Simodo-Sore-212-_jpg.rf.d0c8340f0e0ac1c43d05ec3e14fbe813.jpg,640,480,Cymodocea Rotundata,157,75,477,421
Thalassia-425-_jpg.rf.f3785334a02dedd0f5074b12769e284a.jpg,640,480,Thalassia Hemprichii,208,152,509,374
Simodo-Sore-188-_jpg.rf.3d217b43754cad8c9fc6d79667a211a0.jpg,640,480,Cymodocea Rotundata,159,51,421,390
Simodo-Sore-272-_jpg.rf.e2685f757d8abe6e9ba2334e3db1dd1a.jpg,640,480,Cymodocea Rotundata,123,115,545,398
Thalassia-174-_jpg.rf.d7ac5ee6f3c2320232d288296f1f2d70.jpg,640,480,Thalassia Hemprichii,231,122,482,387
SIMODO-SORE-70-_jpg.rf.6b8b5eadd131454fbfe6bfdf14f7cc58.jpg,640,480,Cymodocea Rotundata,87,137,575,359
Simodo-Sore-239-_jpg.rf.6d3b21ec5d20c0e981fc4650b90d1f25.jpg,640,480,Cymodocea Rotundata,113,138,551,406
Thalassia-59-_jpg.rf.65a48b28f6d473e09653b944b7809b87.jpg,640,480,Thalassia Hemprichii,193,156,445,346
Thalassia-533-_jpg.rf.a3b4fe87d97625ad77cec5fd8b18dbb2.jpg,640,480,Thalassia Hemprichii,215,184,498,347
Simodo-7-_jpg.rf.ac2562247dc2f76e78ee3cb1a9e9a05d.jpg,640,480,Cymodocea Rotundata,28,151,533,349
Enhalus-Acoraides-70_jpg.rf.bfb788355f0b56a6ceb3ff49c7576eb0.jpg,640,480,Enhalus Acoraides,70,166,640,313
Thalassia-36-_jpg.rf.7de17af633cc04e111c36c9b46cdb47a.jpg,640,480,Thalassia Hemprichii,123,171,609,321
Thalassia-52-_jpg.rf.5572a0aaeb0a9141a848381148b51b7e.jpg,640,480,Thalassia Hemprichii,240,98,523,448
Enhalus-Acoraides-212_jpg.rf.2fce060ce1d80b21a44bfab7d34b7eda.jpg,640,480,Enhalus Acoraides,87,61,550,422
Simodo-Sore-254-_jpg.rf.0abd81733be041440ed61c983a54bc90.jpg,640,480,Cymodocea Rotundata,134,130,511,373
Simodo-Sore-148-_jpg.rf.7065d7488c358c1384dfb129b0355eef.jpg,640,480,Cymodocea Rotundata,94,176,612,314
Simodo-Sore-40-_jpg.rf.95d2e1d688a2b3fbbf287a5947c5e414.jpg,640,480,Cymodocea Rotundata,94,90,509,320
Thalassia-358-_jpg.rf.f5282fbd1deaebe9b4711f6b9c051491.jpg,640,480,Thalassia Hemprichii,124,111,475,280
Thalassia-459-_jpg.rf.07eb13a7811c393508ea57a966b22ed4.jpg,640,480,Thalassia Hemprichii,111,123,436,331
Thalassia-492-_jpg.rf.9cf0c08da2e8f99aaf52bfc7a43037a4.jpg,640,480,Thalassia Hemprichii,174,83,394,360
Thalassia-357-_jpg.rf.93aa3308a04f093fb970969c2a05dc90.jpg,640,480,Thalassia Hemprichii,94,130,459,272
Thalassia-522-_jpg.rf.7fd8e8c594c9e63956bd24d62bcd9230.jpg,640,480,Thalassia Hemprichii,199,80,366,347
Thalassia-359-_jpg.rf.b028d4515177c6013e8d81667f12eb76.jpg,640,480,Thalassia Hemprichii,119,92,457,314
Thalassia-61-_jpg.rf.c7840849c2786437bde7a1e5249fd80d.jpg,640,480,Thalassia Hemprichii,195,161,462,325
Thalassia-141-_jpg.rf.9224f042b246768a70674b0bf1417910.jpg,640,480,Thalassia Hemprichii,110,243,582,356
Enhalus-Acoraides-162_jpg.rf.740be91de9bff4b5e23e429cbe221bd6.jpg,640,480,Enhalus Acoraides,7,185,589,385
Enhalus-Acoraides-134_jpg.rf.54d759a16a1dc3ae9c1cfc7105b136ad.jpg,640,480,Enhalus Acoraides,64,106,640,391
Enhalus-Acoraides-112_jpg.rf.58ef9d35af613e9943275b1830663916.jpg,640,480,Enhalus Acoraides,22,119,607,365
Simodo-Sore-141-_jpg.rf.e5edd699fa89c8c5a94398bd76dc1a38.jpg,640,480,Cymodocea Rotundata,128,154,606,392
Thalassia-46-_jpg.rf.2a90238a19a30c1479df2397ae697c7e.jpg,640,480,Thalassia Hemprichii,267,137,485,388
Enhalus-Acoraides-60_jpg.rf.457572736168601551c121229b82f51c.jpg,640,480,Enhalus Acoraides,195,103,424,461
Simodo-Sore-42-_jpg.rf.2efc99bc449307cd3e989b573ed1dee0.jpg,640,480,Cymodocea Rotundata,73,72,503,325
Enhalus-Acoraides-94_jpg.rf.67a32771ecc1dbcc96ea931b394ebd0a.jpg,640,480,Enhalus Acoraides,223,41,407,467
Thalassia-63-_jpg.rf.8f9e303a81c6e04850452d3378cd9ef7.jpg,640,480,Thalassia Hemprichii,155,180,472,322
Thalassia-461-_jpg.rf.2760dae6876791b6ed780297987f5869.jpg,640,480,Thalassia Hemprichii,66,161,502,346
Enhalus-Acoraides-267_jpg.rf.b714ecea04b99695c3a69c2fd9d1d453.jpg,640,480,Enhalus Acoraides,45,137,629,314
Thalassia-173-_jpg.rf.c5f8216e15dfafb8d73b88d359a85c50.jpg,640,480,Thalassia Hemprichii,223,108,463,352
Enhalus-Acoraides-58_jpg.rf.8f4fa22cee2c0e7fe5b583598e0400a5.jpg,640,480,Enhalus Acoraides,185,95,507,438
Simodo-Sore-163-_jpg.rf.97c1162ee2e7d9672affee8bdc4e7f3e.jpg,640,480,Cymodocea Rotundata,140,76,617,328
Thalassia-200-_jpg.rf.d4ed3de39704ed29e347391c5bfe2c93.jpg,640,480,Thalassia Hemprichii,210,171,453,431
Simodo-Sore-26-_jpg.rf.d74ec71fb962566ae48b1824ebb8262a.jpg,640,480,Cymodocea Rotundata,37,89,513,338
Simodo-Sore-189-_jpg.rf.e5d5ee4419834a406084285243ff2671.jpg,640,480,Cymodocea Rotundata,157,55,440,370
Thalassia-360-_jpg.rf.a164777e406e5e015edb929f6ccc1724.jpg,640,480,Thalassia Hemprichii,135,84,455,348
Simodo-Sore-18-_jpg.rf.c32d41976c422317ec5d8f2c28813777.jpg,640,480,Cymodocea Rotundata,157,142,502,335
Enhalus-Acoraides-41_jpg.rf.9a999029f776066cfbff84bd117c2b2d.jpg,640,480,Enhalus Acoraides,9,166,577,388
Thalassia-145-_jpg.rf.a79beccec60acc51d8429a5ac2c937f4.jpg,640,480,Thalassia Hemprichii,139,208,531,394
Enhalus-Acoraides-110_jpg.rf.c102c88599b85e55c7cd2434c60eb1cd.jpg,640,480,Enhalus Acoraides,11,123,570,378
Simodo-Sore-255-_jpg.rf.3d0adeb80702b4e7c61cafde16f568b8.jpg,640,480,Cymodocea Rotundata,119,110,504,379
Thalassia-521-_jpg.rf.8ab07f12d27a0812dc1fa45a2c5efdc9.jpg,640,480,Thalassia Hemprichii,278,104,403,414
Thalassia-462-_jpg.rf.5ade3476de4bccb9210e5b711c300415.jpg,640,480,Thalassia Hemprichii,62,183,522,296
Thalassia-60-_jpg.rf.d0a1e3dc9d0bdbd2782e408af608b192.jpg,640,480,Thalassia Hemprichii,176,150,440,350
Simodo-Sore-215-_jpg.rf.0ed1cdbed28ca706f6418bab6da11289.jpg,640,480,Cymodocea Rotundata,157,97,502,415
Thalassia-427-_jpg.rf.be419cff4d25cfc8af644bb6d8a4f4ce.jpg,640,480,Thalassia Hemprichii,252,155,460,396
Thalassia-85-_jpg.rf.c9f42d69ea778b180c632d6f150508a7.jpg,640,480,Thalassia Hemprichii,145,212,513,299
Thalassia-495-_jpg.rf.cbe9ae2236ef69cca4bc6d7732de6c60.jpg,640,480,Thalassia Hemprichii,138,113,428,300
Thalassia-133-_jpg.rf.fb4a0387d9a096b22b7ff5761366d1e5.jpg,640,480,Thalassia Hemprichii,187,180,445,391
Enhalus-Acoraides-3_jpg.rf.6d34541d36348011402f6744b92a6379.jpg,640,480,Enhalus Acoraides,128,47,596,426
Thalassia-191-_jpg.rf.45ee7d834ceb5af17422d3da89be6db9.jpg,640,480,Thalassia Hemprichii,176,198,489,423
Enhalus-Acoraides-203_jpg.rf.3f87b23f39f00911bec5ded9e21f0d26.jpg,640,480,Enhalus Acoraides,227,89,477,437
Simodo-Sore-200-_jpg.rf.65785a09589f8d328d46435e5269ebde.jpg,640,480,Cymodocea Rotundata,64,139,607,293
Simodo-Sore-2-_jpg.rf.bf3ec9dd388308d7f316809a1005a509.jpg,640,480,Cymodocea Rotundata,147,124,508,324
Thalassia-494-_jpg.rf.6fa496c6c444db437d62cf61c887b638.jpg,640,480,Thalassia Hemprichii,138,99,409,310
Thalassia-202-_jpg.rf.84184240ea8b789f2c2757f5cc9369cc.jpg,640,480,Thalassia Hemprichii,136,172,467,415
Simodo-Sore-237-_jpg.rf.92a0039e6ac5bd662df774b6d470dc44.jpg,640,480,Cymodocea Rotundata,96,136,540,393
Thalassia-496-_jpg.rf.1fbaf51468c88434758bd3fbde8373fe.jpg,640,480,Thalassia Hemprichii,87,137,410,266
Simodo-Sore-246-_jpg.rf.5345688d051090afbab1474bc37a9d45.jpg,640,480,Cymodocea Rotundata,185,160,604,373
Thalassia-436-_jpg.rf.6041b4b8cbcc8a8de765090d3d59d918.jpg,640,480,Thalassia Hemprichii,144,214,519,358
Thalassia-177-_jpg.rf.1edb00af7d6a55781698d2570606b83f.jpg,640,480,Thalassia Hemprichii,231,110,438,433
Thalassia-83-_jpg.rf.2e9750b29544698d61276a9817e6567c.jpg,640,480,Thalassia Hemprichii,134,216,495,316
Thalassia-287-_jpg.rf.9d870efa00065bd02d525fb214187daf.jpg,640,480,Thalassia Hemprichii,89,202,582,350
Thalassia-134-_jpg.rf.9beeb508d39512c83e59892448315d4c.jpg,640,480,Thalassia Hemprichii,174,190,451,387
Simodo-Sore-133-_jpg.rf.ab4b304e385dd56e015dfbbc9a5aa081.jpg,640,480,Cymodocea Rotundata,168,57,414,403
Simodo-Sore-145-_jpg.rf.ec2e5f44a5b7b4c21375385e50292699.jpg,640,480,Cymodocea Rotundata,94,204,612,337
Thalassia-464-_jpg.rf.6ca3001a72fc9e7967cc19116d42ce21.jpg,640,480,Thalassia Hemprichii,43,148,585,267
Thalassia-125-_jpg.rf.34dfea61b69a7df8a70f8a5da6dc3bf1.jpg,640,480,Thalassia Hemprichii,241,146,509,404
Enhalus-Acoraides-187_jpg.rf.45a137643f536a82b217508603046696.jpg,640,480,Enhalus Acoraides,64,186,640,309
Thalassia-497-_jpg.rf.bf1e0371669e765ae609daf80b08c8d0.jpg,640,480,Thalassia Hemprichii,96,118,409,252
Simodo-Sore-146-_jpg.rf.5ca129859744f9c0a3745124670ef94a.jpg,640,480,Cymodocea Rotundata,106,196,604,339
Thalassia-84-_jpg.rf.03b88cfa62dccdd9d47bf4b605df6a2a.jpg,640,480,Thalassia Hemprichii,140,231,487,307
Thalassia-176-_jpg.rf.8b5313048244636f1185f974f5201204.jpg,640,480,Thalassia Hemprichii,250,134,497,400
Thalassia-435-_jpg.rf.610aa0aa1fa2a8cf8d9489f08b73618c.jpg,640,480,Thalassia Hemprichii,155,188,541,348
Simodo-Sore-170-_jpg.rf.c17f336055f20e230cd39b8d3d4739ae.jpg,640,480,Cymodocea Rotundata,83,150,614,270
Thalassia-467-_jpg.rf.0f67714a42851c75b76d0c7cbd0eed53.jpg,640,480,Thalassia Hemprichii,140,132,518,324
Simodo-Sore-34-_jpg.rf.e2a7379a57fff6eec13d4deb6da642d7.jpg,640,480,Cymodocea Rotundata,140,122,563,358
Thalassia-284-_jpg.rf.4c4ed8e576a921bb5f3ca223d2090952.jpg,640,480,Thalassia Hemprichii,259,166,453,418
Simodo-Sore-164-_jpg.rf.7a96bfd18b2dfed0cad975523709e294.jpg,640,480,Cymodocea Rotundata,108,109,614,308
Thalassia-261-_jpg.rf.fcf830e51a34197c71204d0da99b6edf.jpg,640,480,Thalassia Hemprichii,157,193,605,282
Simodo-Sore-134-_jpg.rf.7faa059d8af5a1e30fe4c9943188eca2.jpg,640,480,Cymodocea Rotundata,185,61,423,403
Thalassia-64-_jpg.rf.05ae52d1583cf36af6cb024a61448337.jpg,640,480,Thalassia Hemprichii,161,186,509,307
Thalassia-148-_jpg.rf.15827e89c90cc28b630781f62d9c785b.jpg,640,480,Thalassia Hemprichii,126,178,511,407
Enhalus-Acoraides-127_jpg.rf.a2db5006416f4ee783113ba480f92043.jpg,640,480,Enhalus Acoraides,93,63,614,372
Simodo-Sore-279-_jpg.rf.c32d588cfe048a1e27d5aa9ef932dba2.jpg,640,480,Cymodocea Rotundata,163,106,575,386
Simodo-Sore-147-_jpg.rf.5cf8960fd5286dc775572767da10a154.jpg,640,480,Cymodocea Rotundata,102,180,614,315
Enhalus-Acoraides-177_jpg.rf.db835498a0378cbf2fcd145561f4f147.jpg,640,480,Enhalus Acoraides,189,79,451,394
Thalassia-3-_jpg.rf.766dc6dbb865e2d7249d335f18388bd7.jpg,640,480,Thalassia Hemprichii,121,228,604,334
Thalassia-289-_jpg.rf.3c464af00c1b666f702127224e5b2c33.jpg,640,480,Thalassia Hemprichii,66,213,595,324
Simodo-Sore-98-_jpg.rf.afd5f9c58beebfa93944826e317dbddc.jpg,640,480,Cymodocea Rotundata,110,189,614,358
Thalassia-146-_jpg.rf.95db68e785ff10ca04e3a05e5401e48f.jpg,640,480,Thalassia Hemprichii,100,194,511,392
Thalassia-434-_jpg.rf.f01a69e96b9b7139acb875d551949620.jpg,640,480,Thalassia Hemprichii,168,186,516,339
Thalassia-438-_jpg.rf.a028c60e48ff2362a6199675ce092b33.jpg,640,480,Thalassia Hemprichii,123,241,558,354
Simodo-Sore-247-_jpg.rf.56fa81a2038392a52927e0ea2e305b1b.jpg,640,480,Cymodocea Rotundata,157,156,575,366
Thalassia-89-_jpg.rf.3cc7b30d7a14ee985bbae198775e91f5.jpg,640,480,Thalassia Hemprichii,149,209,480,370
Thalassia-149-_jpg.rf.1e2789da7bcaa830775864e7de562c7e.jpg,640,480,Thalassia Hemprichii,133,173,478,419
Thalassia-196-_jpg.rf.4075cc848e9abaa5b1c0b2aef845d3db.jpg,640,480,Thalassia Hemprichii,174,150,390,448
Simodo-Sore-240-_jpg.rf.baff71a85246e85ca333348c4a43e3b0.jpg,640,480,Cymodocea Rotundata,119,137,580,387
Thalassia-87-_jpg.rf.ba7e48741ad1179dd6fe8aafe06d20c2.jpg,640,480,Thalassia Hemprichii,123,201,519,309
Thalassia-91-_jpg.rf.7046bdf2de93af87b18989e9626e09a8.jpg,640,480,Thalassia Hemprichii,174,198,489,391
Thalassia-195-_jpg.rf.1ec0e3a036076a374056daed289ec60d.jpg,640,480,Thalassia Hemprichii,185,159,411,459
Simodo-5-_jpg.rf.52bcecde06c972cdd4b3f63a0588993c.jpg,640,480,Cymodocea Rotundata,102,160,534,388
Thalassia-463-_jpg.rf.a402d255bd4be090fa2ad32a336eea6e.jpg,640,480,Thalassia Hemprichii,47,167,565,271
Enhalus-Acoraides-118_jpg.rf.3b4b2e7ed5147b8ca58617319890608f.jpg,640,480,Enhalus Acoraides,123,46,555,370
Thalassia-263-_jpg.rf.a7c6ab2f355f230d5be9d85297260aed.jpg,640,480,Thalassia Hemprichii,147,194,606,292
Thalassia-90-_jpg.rf.f8f04a044959a8ac4c45f2ae7663ad95.jpg,640,480,Thalassia Hemprichii,157,206,462,385
Thalassia-199-_jpg.rf.df9fdb18aee4128cd8c54b691c5762b5.jpg,640,480,Thalassia Hemprichii,187,135,457,426
Thalassia-499-_jpg.rf.e881d1e31258e2e996bce91ebee37ad6.jpg,640,480,Thalassia Hemprichii,125,60,420,255
Thalassia-264-_jpg.rf.8f55a5184bd502b6095c95822149fd39.jpg,640,480,Thalassia Hemprichii,157,207,595,301
Thalassia-65-_jpg.rf.bdf5f18ae3dec7fec1b775f5e37d906f.jpg,640,480,Thalassia Hemprichii,157,190,516,302
Enhalus-Acoraides-55_jpg.rf.53153e67821bd67d5d3ee4245e5af214.jpg,640,480,Enhalus Acoraides,119,110,556,413
Enhalus-Acoraides-183_jpg.rf.252c61ba6369623e984564dd522747e9.jpg,640,480,Enhalus Acoraides,81,110,588,365
Enhalus-Acoraides-229_jpg.rf.842a987c3acab2440d077423858e4b7b.jpg,640,480,Enhalus Acoraides,132,56,479,432
Enhalus-Acoraides-193_jpg.rf.d16a6c8a5bdbd630b29487abcc574aac.jpg,640,480,Enhalus Acoraides,123,127,640,357
Simodo-Sore-280-_jpg.rf.9ffc543367d7ccfb2e563ab6ca06b8de.jpg,640,480,Cymodocea Rotundata,159,139,577,399
Thalassia-213-_jpg.rf.1e805c6c8bd23f3523661938c3eef1f0.jpg,640,480,Thalassia Hemprichii,168,199,501,313
Thalassia-265-_jpg.rf.e4dcc3064ee7e5d6fe09aa12008aefbf.jpg,640,480,Thalassia Hemprichii,138,209,590,298
Thalassia-44-_jpg.rf.ebcc89f50a9cf648b802933ee54044b0.jpg,640,480,Thalassia Hemprichii,233,152,501,393
Enhalus-Acoraides-179_jpg.rf.5dfa036e9871e7f8e07e406f779bc7f9.jpg,640,480,Enhalus Acoraides,185,86,423,413
Simodo-Sore-19-_jpg.rf.32913f3e776f3b93eacb58df701a489c.jpg,640,480,Cymodocea Rotundata,163,149,504,357
Thalassia-262-_jpg.rf.a26dea36f4210593dd3e6fb5152d7113.jpg,640,480,Thalassia Hemprichii,138,193,585,292
Thalassia-9-_jpg.rf.32fa7ab2db9b794a7eb2450d86b62a36.jpg,640,480,Thalassia Hemprichii,161,141,421,424
3ea03d032875477e9361388cc2bf7b9c.jpg,640,480,Thalassia Hemprichii,0,0,128,128
9479b37e65264de0b5e412f49cd628d2.jpg,640,480,Thalassia Hemprichii,0,0,128,128
ce5f280e9792421d83a8ee396fda19f7.jpg,640,480,Cymodocea Rotundata,0,0,128,128
738549c681404f3f898673a3764fd810.jpg,640,480,Cymodocea Rotundata,0,0,128,128
4d1dd1837bd14b6b85776b202dc36b4e.jpg,640,480,Thalassia Hemprichii,0,0,128,128
7e84f2b13bbe45369412271a4ee7fbb3.jpg,640,480,Cymodocea Rotundata,0,0,128,128
26221f9015e84d299434acfb9888a1a0.jpg,640,480,Enhalus Acoraides,0,0,128,128
067977df07384a84926a05ff83c881cc.jpg,640,480,Enhalus Acoraides,0,0,128,128
56a1afdc0a7f4470a319052897c5a7dc.jpg,640,480,Thalassia Hemprichii,0,0,128,128
5cb340e117b242cda78edcdb86a7a4b4.jpg,640,480,Enhalus Acoraides,0,0,128,128
6a1d579d36344d1f903202029d549902.jpg,640,480,Enhalus Acoraides,0,0,128,128
558a9a428d0943268a9389608e404a58.jpg,640,480,Enhalus Acoraides,0,0,128,128
39d2cbb0a49c481097de7e46a7c13ee5.jpg,640,480,Enhalus Acoraides,0,0,128,128
c51d57d574054d75ad6bc7342e9e75b6.jpg,640,480,Cymodocea Rotundata,0,0,128,128
0f4335cf0cfc47cfaaef5d6885594a26.jpg,640,480,Cymodocea Rotundata,0,0,128,128
1b82a1318c744307ba8067c7821117b4.jpg,640,480,Cymodocea Rotundata,0,0,128,128
744c53e5048249da906e8033def96ad2.jpg,640,480,Cymodocea Rotundata,0,0,128,128
5fa8628f06ab4f78b0695bb220c0c55b.jpg,640,480,Cymodocea Rotundata,0,0,128,128
5d717bef5f4d42acba512460e07e1141.jpg,640,480,Cymodocea Rotundata,0,0,128,128
